PX%,발행시,6개월후,12개월후,18개월후,24개월후,30개월후,만기,PX,델타(발행시),델타(6개월),델타(12개월),델타(18개월),델타(24개월),델타(30개월),델타(만기),감마(발행시),감마(6개월),감마(12개월),감마(18개월),감마(24개월),감마(30개월),감마(만기)
0%,0.955959,0.964376,0.971861,0.979089,0.986093,0.993078,1,0,,,,,,,,,,,,,,
1%,0.955959,0.964376,0.971861,0.979089,0.986093,0.993078,1,1.4861,0.0000%,0.00%,0.00%,0.00%,0.00%,0.00%,0.00%,,,,,,,
1%,0.955959,0.964376,0.971861,0.979089,0.986093,0.993078,1,2.9722,0.00%,0.00%,0.00%,0.00%,0.00%,0.00%,0.00%,0.00%,0.00%,0.00%,0.00%,0.00%,0.00%,0.00%
2%,0.955959,0.964376,0.971861,0.979089,0.986093,0.993078,1,4.4583,0.00%,0.00%,0.00%,0.00%,0.00%,0.00%,0.00%,0.00%,0.00%,0.00%,0.00%,0.00%,0.00%,0.00%
2%,0.955959,0.964376,0.971861,0.979089,0.986093,0.993078,1,5.9444,0.00%,0.00%,0.00%,0.00%,0.00%,0.00%,0.00%,0.00%,0.00%,0.00%,0.00%,0.00%,0.00%,0.00%
3%,0.955959,0.964376,0.971861,0.979089,0.986093,0.993078,1,7.4305,0.00%,0.00%,0.00%,0.00%,0.00%,0.00%,0.00%,0.00%,0.00%,0.00%,0.00%,0.00%,0.00%,0.00%
3%,0.955959,0.964376,0.971861,0.979089,0.986093,0.993078,1,8.9166,0.00%,0.00%,0.00%,0.00%,0.00%,0.00%,0.00%,0.00%,0.00%,0.00%,0.00%,0.00%,0.00%,0.00%
4%,0.955959,0.964376,0.971861,0.979089,0.986093,0.993078,1,10.4027,0.00%,0.00%,0.00%,0.00%,0.00%,0.00%,0.00%,0.00%,0.00%,0.00%,0.00%,0.00%,0.00%,0.00%
4%,0.955959,0.964376,0.971861,0.979089,0.986093,0.993078,1,11.8888,0.00%,0.00%,0.00%,0.00%,0.00%,0.00%,0.00%,0.00%,0.00%,0.00%,0.00%,0.00%,0.00%,0.00%
5%,0.955959,0.964376,0.971861,0.979089,0.986093,0.993078,1,13.3749,0.00%,0.00%,0.00%,0.00%,0.00%,0.00%,0.00%,0.00%,0.00%,0.00%,0.00%,0.00%,0.00%,0.00%
5%,0.955959,0.964376,0.971861,0.979089,0.986093,0.993078,1,14.861,0.00%,0.00%,0.00%,0.00%,0.00%,0.00%,0.00%,0.00%,0.00%,0.00%,0.00%,0.00%,0.00%,0.00%
6%,0.955959,0.964376,0.971861,0.979089,0.986093,0.993078,1,16.3471,0.00%,0.00%,0.00%,0.00%,0.00%,0.00%,0.00%,0.00%,0.00%,0.00%,0.00%,0.00%,0.00%,0.00%
6%,0.955959,0.964376,0.971861,0.979089,0.986093,0.993078,1,17.8332,0.00%,0.00%,0.00%,0.00%,0.00%,0.00%,0.00%,0.00%,0.00%,0.00%,0.00%,0.00%,0.00%,0.00%
7%,0.955959,0.964376,0.971861,0.979089,0.986093,0.993078,1,19.3193,0.00%,0.00%,0.00%,0.00%,0.00%,0.00%,0.00%,0.00%,0.00%,0.00%,0.00%,0.00%,0.00%,0.00%
7%,0.955959,0.964376,0.971861,0.979089,0.986093,0.993078,1,20.8054,0.00%,0.00%,0.00%,0.00%,0.00%,0.00%,0.00%,0.00%,0.00%,0.00%,0.00%,0.00%,0.00%,0.00%
8%,0.955959,0.964376,0.971861,0.979089,0.986093,0.993078,1,22.2915,0.00%,0.00%,0.00%,0.00%,0.00%,0.00%,0.00%,0.00%,0.00%,0.00%,0.00%,0.00%,0.00%,0.00%
8%,0.955959,0.964376,0.971861,0.979089,0.986093,0.993078,1,23.7776,0.00%,0.00%,0.00%,0.00%,0.00%,0.00%,0.00%,0.00%,0.00%,0.00%,0.00%,0.00%,0.00%,0.00%
9%,0.955959,0.964376,0.971861,0.979089,0.986093,0.993078,1,25.2637,0.00%,0.00%,0.00%,0.00%,0.00%,0.00%,0.00%,0.00%,0.00%,0.00%,0.00%,0.00%,0.00%,0.00%
9%,0.955959,0.964376,0.971861,0.979089,0.986093,0.993078,1,26.7498,0.00%,0.00%,0.00%,0.00%,0.00%,0.00%,0.00%,0.00%,0.00%,0.00%,0.00%,0.00%,0.00%,0.00%
10%,0.955959,0.964376,0.971861,0.979089,0.986093,0.993078,1,28.2359,0.00%,0.00%,0.00%,0.00%,0.00%,0.00%,0.00%,0.00%,0.00%,0.00%,0.00%,0.00%,0.00%,0.00%
10%,0.955959,0.964376,0.971861,0.979089,0.986093,0.993078,1,29.722,0.00%,0.00%,0.00%,0.00%,0.00%,0.00%,0.00%,0.00%,0.00%,0.00%,0.00%,0.00%,0.00%,0.00%
11%,0.955959,0.964376,0.971861,0.979089,0.986093,0.993078,1,31.2081,0.00%,0.00%,0.00%,0.00%,0.00%,0.00%,0.00%,0.00%,0.00%,0.00%,0.00%,0.00%,0.00%,0.00%
11%,0.955959,0.964376,0.971861,0.979089,0.986093,0.993078,1,32.6942,0.00%,0.00%,0.00%,0.00%,0.00%,0.00%,0.00%,0.00%,0.00%,0.00%,0.00%,0.00%,0.00%,0.00%
12%,0.95596,0.964376,0.971861,0.979089,0.986093,0.993078,1,34.1803,0.00%,0.00%,0.00%,0.00%,0.00%,0.00%,0.00%,0.00%,0.00%,0.00%,0.00%,0.00%,0.00%,0.00%
12%,0.95596,0.964376,0.971861,0.979089,0.986093,0.993078,1,35.6664,0.00%,0.00%,0.00%,0.00%,0.00%,0.00%,0.00%,0.00%,0.00%,0.00%,0.00%,0.00%,0.00%,0.00%
13%,0.95596,0.964376,0.971861,0.979089,0.986093,0.993078,1,37.1525,0.00%,0.00%,0.00%,0.00%,0.00%,0.00%,0.00%,0.00%,0.00%,0.00%,0.00%,0.00%,0.00%,0.00%
13%,0.95596,0.964376,0.971861,0.979089,0.986093,0.993078,1,38.6386,0.00%,0.00%,0.00%,0.00%,0.00%,0.00%,0.00%,0.00%,0.00%,0.00%,0.00%,0.00%,0.00%,0.00%
14%,0.95596,0.964376,0.971861,0.979089,0.986093,0.993078,1,40.1247,0.00%,0.00%,0.00%,0.00%,0.00%,0.00%,0.00%,0.00%,0.00%,0.00%,0.00%,0.00%,0.00%,0.00%
14%,0.95596,0.964376,0.971861,0.979089,0.986093,0.993078,1,41.6108,0.00%,0.00%,0.00%,0.00%,0.00%,0.00%,0.00%,0.00%,0.00%,0.00%,0.00%,0.00%,0.00%,0.00%
15%,0.95596,0.964376,0.971861,0.979089,0.986093,0.993078,1,43.0969,0.00%,0.00%,0.00%,0.00%,0.00%,0.00%,0.00%,0.00%,0.00%,0.00%,0.00%,0.00%,0.00%,0.00%
15%,0.95596,0.964376,0.971861,0.979089,0.986093,0.993078,1,44.583,0.00%,0.00%,0.00%,0.00%,0.00%,0.00%,0.00%,0.00%,0.00%,0.00%,0.00%,0.00%,0.00%,0.00%
16%,0.95596,0.964376,0.971861,0.979089,0.986093,0.993078,1,46.0691,0.00%,0.00%,0.00%,0.00%,0.00%,0.00%,0.00%,0.00%,0.00%,0.00%,0.00%,0.00%,0.00%,0.00%
16%,0.95596,0.964376,0.971861,0.979089,0.986093,0.993078,1,47.5552,0.00%,0.00%,0.00%,0.00%,0.00%,0.00%,0.00%,0.00%,0.00%,0.00%,0.00%,0.00%,0.00%,0.00%
17%,0.955961,0.964376,0.971861,0.979089,0.986093,0.993078,1,49.0413,0.00%,0.00%,0.00%,0.00%,0.00%,0.00%,0.00%,0.00%,0.00%,0.00%,0.00%,0.00%,0.00%,0.00%
17%,0.955961,0.964376,0.971861,0.979089,0.986093,0.993078,1,50.5274,0.00%,0.00%,0.00%,0.00%,0.00%,0.00%,0.00%,0.00%,0.00%,0.00%,0.00%,0.00%,0.00%,0.00%
18%,0.955962,0.964376,0.971861,0.979089,0.986093,0.993078,1,52.0135,0.00%,0.00%,0.00%,0.00%,0.00%,0.00%,0.00%,0.00%,0.00%,0.00%,0.00%,0.00%,0.00%,0.00%
18%,0.955962,0.964376,0.971861,0.979089,0.986093,0.993078,1,53.4996,0.00%,0.00%,0.00%,0.00%,0.00%,0.00%,0.00%,0.00%,0.00%,0.00%,0.00%,0.00%,0.00%,0.00%
19%,0.955963,0.964376,0.971861,0.979089,0.986093,0.993078,1,54.9857,0.00%,0.00%,0.00%,0.00%,0.00%,0.00%,0.00%,0.00%,0.00%,0.00%,0.00%,0.00%,0.00%,0.00%
19%,0.955964,0.964376,0.971861,0.979089,0.986093,0.993078,1,56.4718,0.00%,0.00%,0.00%,0.00%,0.00%,0.00%,0.00%,0.00%,0.00%,0.00%,0.00%,0.00%,0.00%,0.00%
20%,0.955965,0.964376,0.971861,0.979089,0.986093,0.993078,1,57.9579,0.01%,0.00%,0.00%,0.00%,0.00%,0.00%,0.00%,0.00%,0.00%,0.00%,0.00%,0.00%,0.00%,0.00%
20%,0.955967,0.964376,0.971861,0.979089,0.986093,0.993078,1,59.444,0.01%,0.00%,0.00%,0.00%,0.00%,0.00%,0.00%,0.00%,0.00%,0.00%,0.00%,0.00%,0.00%,0.00%
21%,0.955969,0.964376,0.971861,0.979089,0.986093,0.993078,1,60.9301,0.01%,0.00%,0.00%,0.00%,0.00%,0.00%,0.00%,0.00%,0.00%,0.00%,0.00%,0.00%,0.00%,0.00%
21%,0.955971,0.964376,0.971861,0.979089,0.986093,0.993078,1,62.4162,0.01%,0.00%,0.00%,0.00%,0.00%,0.00%,0.00%,0.00%,0.00%,0.00%,0.00%,0.00%,0.00%,0.00%
22%,0.955973,0.964376,0.971861,0.979089,0.986093,0.993078,1,63.9023,0.01%,0.00%,0.00%,0.00%,0.00%,0.00%,0.00%,0.00%,0.00%,0.00%,0.00%,0.00%,0.00%,0.00%
22%,0.955976,0.964376,0.971861,0.979089,0.986093,0.993078,1,65.3884,0.02%,0.00%,0.00%,0.00%,0.00%,0.00%,0.00%,0.00%,0.00%,0.00%,0.00%,0.00%,0.00%,0.00%
23%,0.95598,0.964376,0.971861,0.979089,0.986093,0.993078,1,66.8745,0.02%,0.00%,0.00%,0.00%,0.00%,0.00%,0.00%,0.00%,0.00%,0.00%,0.00%,0.00%,0.00%,0.00%
23%,0.955984,0.964376,0.971861,0.979089,0.986093,0.993078,1,68.3606,0.02%,0.00%,0.00%,0.00%,0.00%,0.00%,0.00%,0.00%,0.00%,0.00%,0.00%,0.00%,0.00%,0.00%
24%,0.955989,0.964377,0.971861,0.979089,0.986093,0.993078,1,69.8467,0.02%,0.00%,0.00%,0.00%,0.00%,0.00%,0.00%,0.00%,0.00%,0.00%,0.00%,0.00%,0.00%,0.00%
24%,0.955994,0.964377,0.971861,0.979089,0.986093,0.993078,1,71.3328,0.03%,0.00%,0.00%,0.00%,0.00%,0.00%,0.00%,0.00%,0.00%,0.00%,0.00%,0.00%,0.00%,0.00%
25%,0.956,0.964377,0.971861,0.979089,0.986093,0.993078,1,72.8189,0.03%,0.00%,0.00%,0.00%,0.00%,0.00%,0.00%,0.00%,0.00%,0.00%,0.00%,0.00%,0.00%,0.00%
25%,0.956008,0.964377,0.971861,0.979089,0.986093,0.993078,1,74.305,0.04%,0.00%,0.00%,0.00%,0.00%,0.00%,0.00%,0.00%,0.00%,0.00%,0.00%,0.00%,0.00%,0.00%
26%,0.956016,0.964378,0.971861,0.979089,0.986093,0.993078,1,75.7911,0.04%,0.00%,0.00%,0.00%,0.00%,0.00%,0.00%,0.00%,0.00%,0.00%,0.00%,0.00%,0.00%,0.00%
26%,0.956025,0.964378,0.971861,0.979089,0.986093,0.993078,1,77.2772,0.05%,0.00%,0.00%,0.00%,0.00%,0.00%,0.00%,0.00%,0.00%,0.00%,0.00%,0.00%,0.00%,0.00%
27%,0.956036,0.964378,0.971861,0.979089,0.986093,0.993078,1,78.7633,0.06%,0.00%,0.00%,0.00%,0.00%,0.00%,0.00%,0.00%,0.00%,0.00%,0.00%,0.00%,0.00%,0.00%
27%,0.956047,0.964379,0.971861,0.979089,0.986093,0.993078,1,80.2494,0.07%,0.01%,0.00%,0.00%,0.00%,0.00%,0.00%,0.00%,0.00%,0.00%,0.00%,0.00%,0.00%,0.00%
28%,0.956061,0.96438,0.971861,0.979089,0.986093,0.993078,1,81.7355,0.08%,0.01%,0.00%,0.00%,0.00%,0.00%,0.00%,0.00%,0.00%,0.00%,0.00%,0.00%,0.00%,0.00%
28%,0.956075,0.964381,0.971861,0.979089,0.986093,0.993078,1,83.2216,0.09%,0.01%,0.00%,0.00%,0.00%,0.00%,0.00%,0.01%,0.00%,0.00%,0.00%,0.00%,0.00%,0.00%
29%,0.956092,0.964382,0.971861,0.979089,0.986093,0.993078,1,84.7077,0.10%,0.01%,0.00%,0.00%,0.00%,0.00%,0.00%,0.01%,0.00%,0.00%,0.00%,0.00%,0.00%,0.00%
29%,0.95611,0.964383,0.971861,0.979089,0.986093,0.993078,1,86.1938,0.11%,0.01%,0.00%,0.00%,0.00%,0.00%,0.00%,0.01%,0.00%,0.00%,0.00%,0.00%,0.00%,0.00%
30%,0.95613,0.964385,0.971862,0.979089,0.986093,0.993078,1,87.6799,0.12%,0.01%,0.00%,0.00%,0.00%,0.00%,0.00%,0.01%,0.00%,0.00%,0.00%,0.00%,0.00%,0.00%
30%,0.956152,0.964387,0.971862,0.979089,0.986093,0.993078,1,89.166,0.14%,0.01%,0.00%,0.00%,0.00%,0.00%,0.00%,0.01%,0.00%,0.00%,0.00%,0.00%,0.00%,0.00%
31%,0.956176,0.964389,0.971862,0.979089,0.986093,0.993078,1,90.6521,0.15%,0.02%,0.00%,0.00%,0.00%,0.00%,0.00%,0.01%,0.00%,0.00%,0.00%,0.00%,0.00%,0.00%
31%,0.956202,0.964392,0.971862,0.979089,0.986093,0.993078,1,92.1382,0.17%,0.02%,0.00%,0.00%,0.00%,0.00%,0.00%,0.01%,0.00%,0.00%,0.00%,0.00%,0.00%,0.00%
32%,0.956231,0.964395,0.971862,0.979089,0.986093,0.993078,1,93.6243,0.19%,0.02%,0.00%,0.00%,0.00%,0.00%,0.00%,0.01%,0.00%,0.00%,0.00%,0.00%,0.00%,0.00%
32%,0.956262,0.964399,0.971862,0.979089,0.986093,0.993078,1,95.1104,0.21%,0.03%,0.00%,0.00%,0.00%,0.00%,0.00%,0.01%,0.00%,0.00%,0.00%,0.00%,0.00%,0.00%
33%,0.956296,0.964403,0.971863,0.979089,0.986093,0.993078,1,96.5965,0.23%,0.03%,0.00%,0.00%,0.00%,0.00%,0.00%,0.01%,0.00%,0.00%,0.00%,0.00%,0.00%,0.00%
33%,0.956333,0.964408,0.971863,0.979089,0.986093,0.993078,1,98.0826,0.25%,0.04%,0.00%,0.00%,0.00%,0.00%,0.00%,0.01%,0.00%,0.00%,0.00%,0.00%,0.00%,0.00%
34%,0.956373,0.964414,0.971864,0.979089,0.986093,0.993078,1,99.5687,0.28%,0.04%,0.00%,0.00%,0.00%,0.00%,0.00%,0.01%,0.00%,0.00%,0.00%,0.00%,0.00%,0.00%
34%,0.956416,0.96442,0.971864,0.979089,0.986093,0.993078,1,101.055,0.30%,0.04%,0.00%,0.00%,0.00%,0.00%,0.00%,0.01%,0.00%,0.00%,0.00%,0.00%,0.00%,0.00%
35%,0.956462,0.964427,0.971865,0.979089,0.986093,0.993078,1,102.541,0.33%,0.06%,0.01%,0.00%,0.00%,0.00%,0.00%,0.02%,0.01%,0.00%,0.00%,0.00%,0.00%,0.00%
35%,0.956511,0.964436,0.971866,0.979089,0.986093,0.993078,1,104.027,0.36%,0.06%,0.01%,0.00%,0.00%,0.00%,0.00%,0.02%,0.00%,0.00%,0.00%,0.00%,0.00%,0.00%
35%,0.956565,0.964445,0.971867,0.979089,0.986093,0.993078,1,105.513,0.39%,0.07%,0.01%,0.00%,0.00%,0.00%,0.00%,0.02%,0.01%,0.00%,0.00%,0.00%,0.00%,0.00%
36%,0.956621,0.964455,0.971868,0.979089,0.986093,0.993078,1,106.999,0.42%,0.08%,0.01%,0.00%,0.00%,0.00%,0.00%,0.02%,0.01%,0.00%,0.00%,0.00%,0.00%,0.00%
36%,0.956682,0.964467,0.97187,0.979089,0.986093,0.993078,1,108.485,0.46%,0.09%,0.01%,0.00%,0.00%,0.00%,0.00%,0.02%,0.01%,0.00%,0.00%,0.00%,0.00%,0.00%
37%,0.956747,0.96448,0.971872,0.979089,0.986093,0.993078,1,109.971,0.49%,0.10%,0.01%,0.00%,0.00%,0.00%,0.00%,0.02%,0.01%,0.00%,0.00%,0.00%,0.00%,0.00%
37%,0.956815,0.964495,0.971874,0.979089,0.986093,0.993078,1,111.457,0.53%,0.12%,0.01%,0.00%,0.00%,0.00%,0.00%,0.03%,0.01%,0.00%,0.00%,0.00%,0.00%,0.00%
38%,0.956888,0.964512,0.971876,0.97909,0.986093,0.993078,1,112.944,0.57%,0.13%,0.02%,0.00%,0.00%,0.00%,0.00%,0.03%,0.01%,0.00%,0.00%,0.00%,0.00%,0.00%
39%,0.956966,0.96453,0.971879,0.97909,0.986093,0.993078,1,114.43,0.61%,0.15%,0.02%,0.00%,0.00%,0.00%,0.00%,0.03%,0.01%,0.00%,0.00%,0.00%,0.00%,0.00%
39%,0.957047,0.96455,0.971882,0.97909,0.986093,0.993078,1,115.916,0.66%,0.17%,0.03%,0.00%,0.00%,0.00%,0.00%,0.03%,0.01%,0.00%,0.00%,0.00%,0.00%,0.00%
40%,0.957134,0.964573,0.971886,0.97909,0.986093,0.993078,1,117.402,0.70%,0.19%,0.04%,0.00%,0.00%,0.00%,0.00%,0.03%,0.01%,0.00%,0.00%,0.00%,0.00%,0.00%
40%,0.957225,0.964597,0.971891,0.979091,0.986093,0.993078,1,118.888,0.75%,0.20%,0.04%,0.00%,0.00%,0.00%,0.00%,0.03%,0.02%,0.00%,0.00%,0.00%,0.00%,0.00%
40%,0.957321,0.964624,0.971896,0.979091,0.986093,0.993078,1,120.374,0.80%,0.23%,0.04%,0.00%,0.00%,0.00%,0.00%,0.03%,0.02%,0.00%,0.00%,0.00%,0.00%,0.00%
41%,0.957422,0.964654,0.971902,0.979092,0.986093,0.993078,1,121.86,0.85%,0.25%,0.05%,0.01%,0.00%,0.00%,0.00%,0.04%,0.02%,0.01%,0.00%,0.00%,0.00%,0.00%
41%,0.957529,0.964686,0.971909,0.979093,0.986093,0.993078,1,123.346,0.90%,0.28%,0.06%,0.00%,0.00%,0.00%,0.00%,0.03%,0.02%,0.01%,0.00%,0.00%,0.00%,0.00%
42%,0.95764,0.964722,0.971916,0.979093,0.986093,0.993078,1,124.832,0.96%,0.31%,0.07%,0.00%,0.00%,0.00%,0.00%,0.04%,0.02%,0.01%,0.00%,0.00%,0.00%,0.00%
42%,0.957757,0.96476,0.971925,0.979094,0.986093,0.993078,1,126.318,1.02%,0.34%,0.08%,0.01%,0.00%,0.00%,0.00%,0.04%,0.02%,0.01%,0.00%,0.00%,0.00%,0.00%
43%,0.95788,0.964802,0.971935,0.979096,0.986093,0.993078,1,127.805,1.07%,0.37%,0.09%,0.01%,0.00%,0.00%,0.00%,0.04%,0.03%,0.01%,0.00%,0.00%,0.00%,0.00%
44%,0.958007,0.964847,0.971946,0.979097,0.986093,0.993078,1,129.291,1.14%,0.41%,0.10%,0.01%,0.00%,0.00%,0.00%,0.04%,0.03%,0.01%,0.00%,0.00%,0.00%,0.00%
44%,0.958141,0.964896,0.971959,0.979099,0.986094,0.993078,1,130.777,1.20%,0.45%,0.12%,0.02%,0.00%,0.00%,0.00%,0.05%,0.03%,0.01%,0.00%,0.00%,0.00%,0.00%
45%,0.95828,0.964949,0.971973,0.979101,0.986094,0.993078,1,132.263,1.27%,0.49%,0.13%,0.02%,0.00%,0.00%,0.00%,0.05%,0.03%,0.01%,0.00%,0.00%,0.00%,0.00%
45%,0.958426,0.965006,0.971989,0.979104,0.986094,0.993078,1,133.749,1.34%,0.54%,0.15%,0.02%,0.00%,0.00%,0.00%,0.05%,0.04%,0.01%,0.00%,0.00%,0.00%,0.00%
45%,0.958577,0.965068,0.972006,0.979106,0.986094,0.993078,1,135.235,1.40%,0.58%,0.17%,0.03%,0.00%,0.00%,0.00%,0.05%,0.04%,0.02%,0.01%,0.00%,0.00%,0.00%
46%,0.958734,0.965134,0.972026,0.97911,0.986094,0.993078,1,136.721,1.47%,0.63%,0.19%,0.04%,0.00%,0.00%,0.00%,0.05%,0.04%,0.02%,0.00%,0.00%,0.00%,0.00%
46%,0.958897,0.965205,0.972048,0.979114,0.986094,0.993078,1,138.207,1.55%,0.68%,0.21%,0.04%,0.00%,0.00%,0.00%,0.05%,0.04%,0.02%,0.00%,0.00%,0.00%,0.00%
47%,0.959067,0.96528,0.972072,0.979118,0.986094,0.993078,1,139.693,1.62%,0.73%,0.24%,0.05%,0.00%,0.00%,0.00%,0.05%,0.05%,0.02%,0.01%,0.00%,0.00%,0.00%
47%,0.959242,0.965361,0.972099,0.979124,0.986095,0.993078,1,141.179,1.70%,0.79%,0.27%,0.06%,0.00%,0.00%,0.00%,0.06%,0.05%,0.02%,0.01%,0.00%,0.00%,0.00%
48%,0.959424,0.965447,0.972128,0.97913,0.986095,0.993078,1,142.666,1.78%,0.85%,0.30%,0.06%,0.00%,0.00%,0.00%,0.06%,0.05%,0.03%,0.01%,0.00%,0.00%,0.00%
49%,0.959613,0.965539,0.972161,0.979137,0.986095,0.993078,1,144.152,1.86%,0.92%,0.33%,0.07%,0.00%,0.00%,0.00%,0.06%,0.06%,0.03%,0.01%,0.00%,0.00%,0.00%
49%,0.959808,0.965637,0.972196,0.979145,0.986096,0.993078,1,145.638,1.94%,0.99%,0.36%,0.08%,0.00%,0.00%,0.00%,0.06%,0.06%,0.03%,0.01%,0.00%,0.00%,0.00%
50%,0.960009,0.965741,0.972235,0.979154,0.986096,0.993078,1,147.124,2.02%,1.06%,0.41%,0.10%,0.00%,0.00%,0.00%,0.06%,0.06%,0.04%,0.01%,0.00%,0.00%,0.00%
50%,0.960216,0.965851,0.972278,0.979165,0.986097,0.993078,1,148.61,2.11%,1.13%,0.45%,0.12%,0.01%,0.00%,0.00%,0.07%,0.07%,0.04%,0.02%,0.00%,0.00%,0.00%
50%,0.960431,0.965967,0.972324,0.979177,0.986098,0.993078,1,150.096,2.20%,1.21%,0.49%,0.13%,0.01%,0.00%,0.00%,0.07%,0.07%,0.04%,0.02%,0.00%,0.00%,0.00%
51%,0.960651,0.966091,0.972375,0.979191,0.986099,0.993078,1,151.582,2.28%,1.30%,0.54%,0.15%,0.02%,0.00%,0.00%,0.07%,0.07%,0.05%,0.02%,0.00%,0.00%,0.00%
51%,0.960879,0.966221,0.97243,0.979206,0.986101,0.993078,1,153.068,2.38%,1.38%,0.59%,0.16%,0.02%,0.00%,0.00%,0.07%,0.07%,0.05%,0.02%,0.00%,0.00%,0.00%
52%,0.961113,0.966358,0.97249,0.979223,0.986102,0.993078,1,154.554,2.46%,1.46%,0.64%,0.19%,0.02%,0.00%,0.00%,0.07%,0.08%,0.05%,0.03%,0.01%,0.00%,0.00%
52%,0.961353,0.966502,0.972554,0.979243,0.986104,0.993078,1,156.04,2.56%,1.55%,0.70%,0.22%,0.03%,0.00%,0.00%,0.08%,0.09%,0.06%,0.02%,0.01%,0.00%,0.00%
53%,0.961601,0.966654,0.972624,0.979265,0.986107,0.993078,1,157.527,2.66%,1.65%,0.77%,0.24%,0.03%,0.00%,0.00%,0.07%,0.09%,0.06%,0.03%,0.00%,0.00%,0.00%
54%,0.961855,0.966814,0.972699,0.979289,0.98611,0.993078,1,159.013,2.75%,1.75%,0.83%,0.27%,0.03%,0.00%,0.00%,0.07%,0.09%,0.06%,0.03%,0.00%,0.00%,0.00%
54%,0.962115,0.966981,0.97278,0.979316,0.986113,0.993078,1,160.499,2.85%,1.85%,0.90%,0.31%,0.04%,0.00%,0.00%,0.08%,0.10%,0.07%,0.04%,0.01%,0.00%,0.00%
55%,0.962382,0.967157,0.972866,0.979346,0.986117,0.993078,1,161.985,2.95%,1.96%,0.98%,0.35%,0.05%,0.00%,0.00%,0.08%,0.10%,0.08%,0.04%,0.01%,0.00%,0.00%
55%,0.962656,0.967341,0.97296,0.97938,0.986122,0.993078,1,163.471,3.05%,2.07%,1.06%,0.39%,0.06%,0.00%,0.00%,0.08%,0.10%,0.08%,0.04%,0.01%,0.00%,0.00%
55%,0.962937,0.967533,0.973059,0.979417,0.986127,0.993078,1,164.957,3.15%,2.18%,1.14%,0.43%,0.07%,0.00%,0.00%,0.08%,0.10%,0.09%,0.05%,0.01%,0.00%,0.00%
56%,0.963224,0.967733,0.973166,0.979458,0.986134,0.993078,1,166.443,3.25%,2.30%,1.24%,0.49%,0.08%,0.00%,0.00%,0.08%,0.11%,0.09%,0.05%,0.01%,0.00%,0.00%
56%,0.963518,0.967943,0.97328,0.979504,0.986141,0.993078,1,167.929,3.36%,2.42%,1.33%,0.54%,0.09%,0.00%,0.00%,0.08%,0.11%,0.10%,0.05%,0.02%,0.00%,0.00%
57%,0.963818,0.968161,0.973401,0.979553,0.98615,0.993078,1,169.415,3.46%,2.54%,1.43%,0.59%,0.11%,0.00%,0.00%,0.09%,0.11%,0.10%,0.06%,0.02%,0.00%,0.00%
57%,0.964125,0.968388,0.973531,0.979608,0.98616,0.993078,1,170.901,3.57%,2.66%,1.53%,0.66%,0.12%,0.00%,0.00%,0.09%,0.12%,0.11%,0.07%,0.02%,0.00%,0.00%
58%,0.964439,0.968624,0.973668,0.979668,0.986171,0.993078,1,172.388,3.68%,2.79%,1.64%,0.73%,0.14%,0.00%,0.00%,0.08%,0.13%,0.11%,0.07%,0.02%,0.00%,0.00%
59%,0.964759,0.96887,0.973814,0.979734,0.986184,0.993078,1,173.874,3.78%,2.93%,1.76%,0.80%,0.16%,0.00%,0.00%,0.09%,0.13%,0.12%,0.08%,0.03%,0.00%,0.00%
59%,0.965085,0.969125,0.973968,0.979805,0.986199,0.993078,1,175.36,3.89%,3.06%,1.88%,0.88%,0.19%,0.01%,0.00%,0.09%,0.13%,0.13%,0.09%,0.03%,0.00%,0.00%
60%,0.965418,0.969389,0.974132,0.979883,0.986217,0.993079,1,176.846,4.00%,3.20%,2.00%,0.97%,0.22%,0.01%,0.00%,0.09%,0.13%,0.13%,0.10%,0.03%,0.00%,0.00%
60%,0.965758,0.969663,0.974304,0.979968,0.986236,0.993079,1,178.332,4.11%,3.34%,2.13%,1.06%,0.25%,0.00%,0.00%,0.09%,0.14%,0.14%,0.10%,0.04%,0.00%,0.00%
60%,0.966103,0.969946,0.974487,0.980059,0.986258,0.993079,1,179.818,4.22%,3.49%,2.27%,1.16%,0.28%,0.01%,0.00%,0.10%,0.14%,0.15%,0.11%,0.04%,0.01%,0.00%
61%,0.966455,0.970239,0.974679,0.980159,0.986283,0.99308,1,181.304,4.34%,3.64%,2.41%,1.26%,0.32%,0.01%,0.00%,0.10%,0.15%,0.15%,0.12%,0.05%,0.00%,0.00%
61%,0.966814,0.970542,0.974882,0.980266,0.986311,0.993081,1,182.79,4.45%,3.79%,2.56%,1.38%,0.37%,0.01%,0.00%,0.09%,0.15%,0.16%,0.13%,0.05%,0.00%,0.00%
62%,0.967178,0.970855,0.975095,0.980383,0.986343,0.993081,1,184.276,4.56%,3.94%,2.71%,1.50%,0.42%,0.01%,0.00%,0.09%,0.15%,0.16%,0.13%,0.06%,0.01%,0.00%
62%,0.967549,0.971178,0.975319,0.980508,0.986378,0.993083,1,185.762,4.67%,4.10%,2.86%,1.62%,0.47%,0.02%,0.00%,0.10%,0.16%,0.18%,0.15%,0.07%,0.00%,0.00%
63%,0.967925,0.971511,0.975553,0.980642,0.986418,0.993084,1,187.249,4.79%,4.26%,3.04%,1.76%,0.54%,0.02%,0.00%,0.11%,0.18%,0.20%,0.17%,0.08%,0.00%,0.00%
64%,0.968309,0.971855,0.975801,0.980788,0.986463,0.993086,1,188.735,4.92%,4.45%,3.23%,1.92%,0.60%,0.03%,0.00%,0.11%,0.19%,0.21%,0.18%,0.08%,0.01%,0.00%
64%,0.968699,0.972211,0.976061,0.980944,0.986512,0.993088,1,190.221,5.04%,4.64%,3.41%,2.07%,0.67%,0.03%,0.00%,0.11%,0.20%,0.21%,0.19%,0.10%,0.01%,0.00%
65%,0.969096,0.97258,0.976334,0.981112,0.986568,0.993091,1,191.707,5.17%,4.82%,3.61%,2.24%,0.76%,0.04%,0.00%,0.12%,0.19%,0.23%,0.20%,0.10%,0.01%,0.00%
65%,0.9695,0.972959,0.976621,0.981292,0.98663,0.993094,1,193.193,5.30%,5.01%,3.82%,2.42%,0.85%,0.05%,0.00%,0.11%,0.20%,0.23%,0.22%,0.11%,0.01%,0.00%
65%,0.969911,0.973351,0.976922,0.981485,0.986698,0.993098,1,194.679,5.42%,5.21%,4.03%,2.62%,0.94%,0.06%,0.00%,0.11%,0.21%,0.24%,0.23%,0.12%,0.02%,0.00%
66%,0.970328,0.973755,0.977236,0.981692,0.986774,0.993103,1,196.165,5.54%,5.41%,4.24%,2.82%,1.05%,0.07%,0.00%,0.11%,0.20%,0.25%,0.24%,0.14%,0.02%,0.00%
66%,0.970751,0.97417,0.977565,0.981912,0.986857,0.993109,1,197.651,5.67%,5.60%,4.47%,3.03%,1.16%,0.09%,0.00%,0.11%,0.21%,0.26%,0.26%,0.15%,0.03%,0.00%
67%,0.971181,0.974597,0.977908,0.982147,0.986949,0.993117,1,199.137,5.80%,5.80%,4.70%,3.25%,1.29%,0.11%,0.00%,0.11%,0.21%,0.26%,0.27%,0.17%,0.03%,0.00%
67%,0.971617,0.975036,0.978266,0.982397,0.98705,0.993126,1,200.623,5.92%,6.00%,4.93%,3.48%,1.43%,0.13%,0.00%,0.11%,0.22%,0.27%,0.29%,0.18%,0.04%,0.00%
68%,0.972059,0.975486,0.978638,0.982663,0.987161,0.993137,1,202.11,6.06%,6.21%,5.17%,3.73%,1.58%,0.17%,0.00%,0.13%,0.25%,0.31%,0.32%,0.20%,0.05%,0.00%
69%,0.972508,0.97595,0.979027,0.982946,0.987283,0.993151,1,203.596,6.20%,6.45%,5.45%,4.01%,1.75%,0.21%,0.00%,0.13%,0.26%,0.32%,0.34%,0.23%,0.05%,0.00%
69%,0.972964,0.976428,0.979434,0.983248,0.987417,0.993167,1,205.082,6.34%,6.69%,5.73%,4.29%,1.94%,0.24%,0.00%,0.13%,0.26%,0.32%,0.36%,0.25%,0.05%,0.00%
70%,0.973427,0.976919,0.979857,0.983568,0.987564,0.993186,1,206.568,6.48%,6.92%,6.01%,4.59%,2.14%,0.28%,,,,,,,,
70%,0.973897,0.977424,0.980298,0.983908,0.987725,0.993208,1,208.054,9.57%,13.81%,16.66%,22.10%,26.76%,42.92%,,,,,,,,
70%,0.974794,0.978892,0.982237,0.986725,0.991386,0.999317,1.138,209.54,12.68%,20.77%,27.41%,39.75%,51.57%,85.82%,,,,,,,,
71%,0.975696,0.98037,0.984186,0.989546,0.995039,1.00538,1.138,211.026,12.84%,21.04%,27.74%,40.08%,51.81%,85.65%,,,,,,,,
71%,0.976602,0.981855,0.986144,0.992369,0.998682,1.01138,1.138,212.512,12.99%,21.29%,28.06%,40.37%,51.99%,85.31%,0.00%,0.09%,0.14%,0.15%,-0.01%,-0.25%,-1.55%,0.00%
72%,0.977513,0.983348,0.98811,0.995192,1.00231,1.01731,1.138,213.998,13.14%,21.54%,28.35%,40.63%,52.19%,84.68%,0.00%,0.06%,0.11%,0.12%,-0.10%,-0.28%,-1.89%,0.00%
72%,0.978427,0.984846,0.990081,0.998011,1.00593,1.02314,1.138,215.484,13.26%,21.75%,28.62%,40.79%,52.33%,83.86%,0.00%,0.05%,0.09%,0.10%,-0.13%,-0.37%,-2.12%,0.00%
73%,0.979343,0.986349,0.992058,1.00082,1.00953,1.02888,1.138,216.971,13.40%,21.97%,28.88%,41.01%,52.40%,82.91%,0.00%,0.06%,0.09%,0.09%,-0.14%,-0.47%,-2.43%,0.00%
74%,0.980263,0.987856,0.994038,1.00363,1.01311,1.0345,1.138,218.457,13.53%,22.17%,29.13%,41.16%,52.41%,81.66%,0.00%,0.05%,0.06%,0.06%,-0.25%,-0.58%,-2.84%,0.00%
74%,0.981184,0.989365,0.996021,1.00642,1.01666,1.03999,1.138,219.943,13.65%,22.35%,29.36%,41.22%,52.32%,80.15%,0.00%,0.03%,0.03%,0.02%,-0.33%,-0.60%,-3.18%,0.00%
75%,0.982107,0.990876,0.998005,1.0092,1.02018,1.04533,1.138,221.429,13.75%,22.51%,29.56%,41.28%,52.30%,78.45%,0.00%,0.01%,-0.01%,-0.01%,-0.39%,-0.61%,-3.44%,0.00%
75%,0.98303,0.992386,0.999988,1.01196,1.02368,1.05052,1.138,222.915,13.85%,22.64%,29.74%,41.25%,52.20%,76.58%,0.00%,-0.01%,-0.03%,-0.08%,-0.45%,-0.84%,-3.71%,0.00%
75%,0.983953,0.993895,1.00197,1.0147,1.02714,1.05554,1.138,224.401,13.93%,22.77%,29.84%,41.23%,51.87%,74.52%,0.00%,-0.01%,-0.06%,-0.14%,-0.51%,-0.97%,-3.99%,0.00%
76%,0.984875,0.995402,1.00394,1.01742,1.03055,1.06039,1.138,225.887,14.02%,22.87%,29.95%,41.12%,51.61%,72.28%,0.00%,-0.02%,-0.10%,-0.07%,-0.64%,-0.98%,-4.16%,0.00%
76%,0.985797,0.996904,1.00591,1.02011,1.03393,1.06505,1.138,227.373,14.08%,22.94%,30.14%,40.93%,51.26%,70.00%,0.00%,-0.05%,-0.12%,-0.12%,-0.70%,-1.11%,-4.27%,0.00%
77%,0.986716,0.998401,1.00788,1.02277,1.03725,1.06954,1.138,228.859,14.14%,23.01%,30.19%,40.74%,50.82%,67.61%,0.00%,-0.06%,-0.12%,-0.30%,-0.78%,-1.20%,-4.52%,0.00%
77%,0.987633,0.999892,1.00983,1.0254,1.04053,1.07383,1.138,230.345,14.19%,23.08%,30.14%,40.44%,50.36%,65.00%,0.00%,-0.08%,-0.19%,-0.31%,-0.91%,-1.33%,-4.70%,0.00%
78%,0.988547,1.00138,1.01177,1.02799,1.04375,1.07793,1.138,231.832,14.22%,23.07%,30.18%,40.08%,49.75%,62.38%,0.00%,-0.09%,-0.29%,-0.30%,-0.90%,-1.45%,-4.85%,0.00%
79%,0.989457,1.00285,1.0137,1.03054,1.04691,1.08183,1.138,233.318,14.26%,23.00%,30.15%,39.80%,49.14%,59.59%,0.00%,-0.11%,-0.29%,-0.42%,-0.98%,-1.59%,-4.97%,0.00%
79%,0.990363,1.00431,1.01561,1.03306,1.05001,1.08552,1.138,234.804,14.27%,22.99%,30.02%,39.34%,48.35%,56.80%,0.00%,-0.14%,-0.31%,-0.50%,-1.12%,-1.81%,-4.99%,0.00%
80%,0.991263,1.00576,1.0175,1.03552,1.05303,1.08902,1.138,236.29,14.26%,22.90%,29.89%,38.88%,47.46%,53.98%,0.00%,-0.16%,-0.38%,-0.44%,-1.14%,-1.83%,-5.12%,0.00%
80%,0.992157,1.00719,1.01937,1.03795,1.05598,1.09231,1.138,237.776,14.25%,22.80%,29.84%,38.40%,46.64%,51.04%,0.00%,-0.17%,-0.38%,-0.45%,-1.28%,-1.79%,-5.06%,0.00%
80%,0.993044,1.00861,1.02123,1.04032,1.05886,1.0954,1.138,239.262,14.23%,22.70%,29.71%,37.76%,45.81%,48.30%,0.00%,-0.18%,-0.45%,-0.65%,-1.36%,-1.94%,-4.86%,0.00%
81%,0.993924,1.01001,1.02306,1.04264,1.06167,1.09831,1.138,240.748,14.20%,22.52%,29.40%,37.18%,44.80%,45.61%,0.00%,-0.19%,-0.46%,-0.72%,-1.31%,-2.10%,-4.79%,0.00%
81%,0.994797,1.01139,1.02486,1.04491,1.06439,1.10103,1.138,242.234,14.17%,22.41%,29.18%,36.60%,43.77%,42.95%,0.00%,-0.21%,-0.47%,-0.66%,-1.33%,-2.06%,-4.72%,0.00%
82%,0.995662,1.01276,1.02664,1.04713,1.06704,1.10358,1.138,243.72,14.11%,22.22%,28.95%,36.00%,42.81%,40.35%,0.00%,-0.23%,-0.54%,-0.68%,-1.42%,-2.10%,-4.65%,0.00%
82%,0.996518,1.0141,1.02839,1.0493,1.06961,1.10595,1.138,245.206,14.05%,22.02%,28.70%,35.30%,41.73%,37.77%,0.00%,-0.24%,-0.55%,-0.76%,-1.57%,-2.26%,-4.50%,0.00%
83%,0.997366,1.01543,1.03012,1.05141,1.0721,1.10816,1.138,246.693,13.99%,21.82%,28.38%,34.52%,40.58%,35.35%,0.00%,-0.26%,-0.68%,-0.96%,-1.64%,-2.40%,-4.47%,0.00%
84%,0.998204,1.01673,1.03181,1.05346,1.0745,1.11021,1.138,248.179,13.91%,21.46%,27.89%,33.74%,39.33%,32.82%,0.00%,-0.27%,-0.83%,-1.04%,-1.73%,-2.43%,-4.45%,0.00%
84%,0.999032,1.018,1.03346,1.05545,1.07681,1.11209,1.138,249.665,13.83%,21.09%,27.47%,32.85%,38.14%,30.41%,0.00%,-0.27%,-0.78%,-0.99%,-1.83%,-2.40%,-4.16%,0.00%
85%,0.99985,1.01924,1.03508,1.05737,1.07904,1.11383,1.138,251.151,13.76%,20.79%,27.04%,31.94%,36.93%,28.22%,0.00%,-0.33%,-0.79%,-1.07%,-1.79%,-2.43%,-3.93%,0.00%
85%,1.00066,1.02046,1.03666,1.05923,1.08118,1.11543,1.138,252.637,13.60%,20.40%,26.52%,31.11%,35.70%,26.10%,0.00%,-0.35%,-0.87%,-1.08%,-1.73%,-2.46%,-3.83%,0.00%
85%,1.00145,1.02164,1.0382,1.06103,1.08324,1.1169,1.138,254.123,13.51%,20.01%,26.08%,30.27%,34.46%,24.03%,0.00%,-0.22%,-0.88%,-1.10%,-1.83%,-2.49%,-3.66%,0.00%
86%,1.00224,1.0228,1.03971,1.06277,1.08521,1.11824,1.138,255.609,13.50%,19.61%,25.54%,29.33%,33.20%,22.10%,0.00%,-0.30%,-0.89%,-1.26%,-2.00%,-2.51%,-3.40%,0.00%
86%,1.00302,1.02392,1.04117,1.06444,1.0871,1.11947,1.138,257.095,13.32%,19.20%,24.91%,28.29%,31.92%,20.33%,0.00%,-0.45%,-0.90%,-1.27%,-1.95%,-2.54%,-3.22%,0.00%
87%,1.00378,1.02502,1.04259,1.06604,1.0889,1.12059,1.138,258.581,13.14%,18.79%,24.36%,27.41%,30.63%,18.62%,0.00%,-0.38%,-0.99%,-1.22%,-1.82%,-2.51%,-3.03%,0.00%
87%,1.00453,1.02608,1.04397,1.06759,1.09062,1.12161,1.138,260.067,13.03%,18.28%,23.79%,26.51%,29.39%,17.06%,0.00%,-0.39%,-1.00%,-1.31%,-2.00%,-2.46%,-2.84%,0.00%
88%,1.00527,1.02711,1.04531,1.06907,1.09226,1.12254,1.138,261.554,12.84%,17.86%,23.14%,25.43%,28.15%,15.57%,0.00%,-0.46%,-1.08%,-1.46%,-2.08%,-2.62%,-2.71%,0.00%
89%,1.00599,1.02811,1.0466,1.07048,1.09382,1.12338,1.138,263.04,12.66%,17.26%,22.39%,24.43%,26.73%,14.16%,0.00%,-0.39%,-1.25%,-1.56%,-2.03%,-2.73%,-2.58%,0.00%
89%,1.0067,1.02906,1.04784,1.07183,1.09528,1.12414,1.138,264.526,12.55%,16.64%,21.63%,23.41%,25.37%,12.82%,0.00%,-0.48%,-1.27%,-1.58%,-2.14%,-2.61%,-2.46%,0.00%
90%,1.0074,1.02998,1.04903,1.07311,1.09667,1.12482,1.138,266.012,12.26%,16.02%,20.85%,22.29%,24.08%,11.55%,0.00%,-0.64%,-1.28%,-1.52%,-2.16%,-2.64%,-2.24%,0.00%
90%,1.00807,1.03085,1.05017,1.07432,1.09797,1.12543,1.138,267.498,11.97%,15.39%,20.16%,21.24%,22.68%,10.44%,0.00%,-0.49%,-1.22%,-1.54%,-2.03%,-2.59%,-2.03%,0.00%
90%,1.00873,1.03169,1.05127,1.07547,1.09919,1.12598,1.138,268.984,11.86%,14.84%,19.37%,20.27%,21.45%,9.41%,0.00%,-0.41%,-1.23%,-1.64%,-2.05%,-2.46%,-1.97%,0.00%
91%,1.00938,1.03249,1.05231,1.07656,1.10034,1.12647,1.138,270.47,11.65%,14.20%,18.57%,19.20%,20.20%,8.37%,0.00%,-0.50%,-1.24%,-1.57%,-2.07%,-2.48%,-1.82%,0.00%
91%,1.01001,1.03325,1.05331,1.07758,1.10141,1.1269,1.138,271.956,11.44%,13.63%,17.84%,18.21%,18.94%,7.50%,0.00%,-0.50%,-1.17%,-1.59%,-1.93%,-2.43%,-1.51%,0.00%
92%,1.01063,1.03398,1.05426,1.07855,1.10241,1.12729,1.138,273.442,11.22%,13.06%,17.02%,17.30%,17.76%,6.81%,0.00%,-0.60%,-1.27%,-1.61%,-1.95%,-2.37%,-1.36%,0.00%
92%,1.01123,1.03467,1.05516,1.07946,1.10334,1.12764,1.138,274.928,10.91%,12.39%,16.28%,16.28%,16.55%,6.10%,0.00%,-0.77%,-1.37%,-1.54%,-2.06%,-2.31%,-1.37%,0.00%
93%,1.01181,1.03532,1.05602,1.08031,1.1042,1.12795,1.138,276.415,10.51%,11.71%,15.53%,15.25%,15.43%,5.39%,0.00%,-0.86%,-1.38%,-1.72%,-2.07%,-2.24%,-1.30%,0.00%
94%,1.01236,1.03593,1.05683,1.0811,1.105,1.12822,1.138,277.901,10.10%,11.03%,14.59%,14.21%,14.31%,4.77%,0.00%,-0.87%,-1.48%,-1.92%,-2.09%,-2.27%,-1.05%,0.00%
94%,1.01289,1.0365,1.05758,1.08183,1.10573,1.12846,1.138,279.387,9.68%,10.25%,13.63%,13.16%,13.16%,4.32%,0.00%,-0.97%,-1.50%,-1.77%,-2.03%,-2.21%,-0.97%,0.00%
95%,1.01339,1.03702,1.05828,1.0825,1.1064,1.12868,1.138,280.873,9.17%,9.55%,12.85%,12.19%,12.10%,3.78%,0.00%,-1.07%,-1.43%,-1.61%,-1.96%,-2.14%,-0.98%,0.00%
95%,1.01386,1.03751,1.05894,1.08312,1.10701,1.12886,1.138,282.359,8.65%,8.84%,12.07%,11.21%,11.02%,3.33%,0.00%,-0.99%,-1.44%,-1.71%,-1.90%,-2.08%,-0.81%,0.00%
95%,1.0143,1.03795,1.05955,1.08368,1.10756,1.12903,1.138,283.845,8.21%,8.12%,11.17%,10.31%,10.03%,2.96%,0.00%,-0.91%,-1.37%,-1.73%,-1.73%,-1.92%,-0.73%,0.00%
96%,1.01472,1.03836,1.06011,1.0842,1.10806,1.12917,1.138,285.331,7.78%,7.49%,10.37%,9.50%,9.12%,2.59%,0.00%,-0.92%,-1.29%,-1.57%,-1.75%,-1.84%,-0.65%,0.00%
96%,1.01511,1.03873,1.06063,1.08467,1.10851,1.1293,1.138,286.817,7.33%,6.85%,9.65%,8.59%,8.20%,2.32%,0.00%,-0.84%,-1.30%,-1.49%,-1.77%,-1.86%,-0.56%,0.00%
97%,1.01548,1.03907,1.06111,1.08509,1.10891,1.12941,1.138,288.303,6.98%,6.21%,8.92%,7.76%,7.28%,2.04%,0.00%,-0.85%,-1.22%,-1.51%,-1.60%,-1.79%,-0.57%,0.00%
97%,1.01583,1.03937,1.06155,1.08547,1.10926,1.12951,1.138,289.789,6.53%,5.65%,8.19%,7.02%,6.43%,1.75%,0.00%,-1.14%,-1.14%,-1.62%,-1.62%,-1.62%,-0.48%,0.00%
98%,1.01615,1.03965,1.06195,1.08581,1.10957,1.12959,1.138,291.276,5.88%,5.09%,7.35%,6.17%,5.68%,1.57%,0.00%,-1.34%,-1.34%,-1.63%,-1.63%,-1.53%,-0.38%,0.00%
99%,1.01643,1.03989,1.0623,1.0861,1.10984,1.12967,1.138,292.762,5.22%,4.33%,6.60%,5.42%,4.93%,1.38%,0.00%,-1.36%,-1.45%,-1.45%,-1.45%,-1.45%,-0.39%,0.00%
99%,1.01668,1.04009,1.06262,1.08636,1.11007,1.12973,1.138,294.248,4.55%,3.66%,5.94%,4.75%,4.26%,1.19%,0.00%,-1.47%,-1.27%,-1.47%,-1.37%,-1.37%,-0.39%,0.00%
100%,1.01689,1.04026,1.0629,1.08658,1.11027,1.12979,1.138,295.734,3.78%,3.08%,5.17%,4.08%,3.58%,1.00%,0.00%,-1.39%,-1.19%,-1.49%,-1.39%,-1.39%,-0.30%,0.00%
100%,1.01706,1.0404,1.06314,1.08677,1.11043,1.12983,1.138,297.22,3.20%,2.50%,4.50%,3.40%,2.90%,0.90%,0.00%,-1.20%,-1.10%,-1.30%,-1.40%,-1.30%,-0.20%,0.00%
100%,1.01721,1.04051,1.06335,1.08692,1.11056,1.12988,1.138,298.706,2.61%,2.01%,3.92%,2.71%,2.31%,0.80%,0.00%,-1.21%,-1.01%,-1.21%,-1.21%,-1.21%,-0.30%,0.00%
101%,1.01732,1.0406,1.06353,1.08704,1.11066,1.12991,1.138,300.192,2.02%,1.52%,3.33%,2.22%,1.72%,0.61%,0.00%,-1.02%,-1.02%,-1.22%,-1.02%,-1.12%,-0.20%,0.00%
101%,1.01741,1.04066,1.06368,1.08714,1.11073,1.12994,1.138,301.678,1.62%,1.02%,2.74%,1.73%,1.22%,0.61%,0.00%,-0.93%,-0.93%,-1.13%,-1.03%,-0.93%,-0.10%,0.00%
102%,1.01748,1.0407,1.0638,1.08721,1.11078,1.12997,1.138,303.164,1.12%,0.61%,2.24%,1.22%,0.82%,0.51%,0.00%,-1.04%,-0.83%,-1.04%,-0.94%,-0.94%,-0.21%,0.00%
102%,1.01752,1.04072,1.0639,1.08726,1.11081,1.12999,1.138,304.65,0.61%,0.20%,1.74%,0.82%,0.31%,0.41%,0.00%,-0.95%,-0.74%,-1.05%,-0.84%,-0.95%,-0.11%,0.00%
103%,1.01754,1.04072,1.06397,1.08729,1.11081,1.13001,1.138,306.137,0.21%,-0.10%,1.24%,0.41%,-0.10%,0.41%,0.00%,-0.85%,-0.64%,-0.95%,-0.85%,-0.74%,-0.11%,0.00%
104%,1.01754,1.04071,1.06402,1.0873,1.1108,1.13003,1.138,307.623,-0.21%,-0.41%,0.83%,0.00%,-0.41%,0.31%,0.00%,-0.75%,-0.64%,-0.86%,-0.86%,-0.64%,-0.11%,0.00%
104%,1.01752,1.04068,1.06405,1.08729,1.11077,1.13004,1.138,309.109,-0.52%,-0.73%,0.42%,-0.42%,-0.73%,0.31%,0.00%,-0.65%,-0.65%,-0.76%,-0.76%,-0.65%,0.00%,0.00%
105%,1.01749,1.04064,1.06406,1.08726,1.11073,1.13006,1.138,310.595,-0.84%,-1.05%,0.10%,-0.73%,-1.05%,0.31%,0.00%,-0.66%,-0.55%,-0.76%,-0.55%,-0.66%,-0.22%,0.00%
105%,1.01744,1.04058,1.06406,1.08722,1.11067,1.13007,1.138,312.081,-1.16%,-1.26%,-0.32%,-0.95%,-1.37%,0.11%,0.00%,-0.66%,-0.44%,-0.77%,-0.55%,-0.55%,-0.22%,0.00%
105%,1.01738,1.04052,1.06403,1.08717,1.1106,1.13007,1.138,313.567,-1.48%,-1.48%,-0.63%,-1.27%,-1.58%,0.11%,0.00%,-0.56%,-0.45%,-0.56%,-0.56%,-0.45%,0.11%,0.00%
106%,1.0173,1.04044,1.064,1.0871,1.11052,1.13008,1.138,315.053,-1.70%,-1.70%,-0.85%,-1.48%,-1.80%,0.21%,0.00%,-0.34%,-0.34%,-0.56%,-0.34%,-0.34%,0.00%,0.00%
106%,1.01722,1.04036,1.06395,1.08703,1.11043,1.13009,1.138,316.539,-1.81%,-1.81%,-1.17%,-1.60%,-1.92%,0.11%,0.00%,-0.34%,-0.23%,-0.57%,-0.34%,-0.23%,-0.11%,0.00%
107%,1.01713,1.04027,1.06389,1.08695,1.11034,1.13009,1.138,318.025,-2.03%,-1.93%,-1.39%,-1.82%,-2.03%,0.11%,0.00%,-0.34%,-0.11%,-0.46%,-0.34%,-0.34%,0.00%,0.00%
108%,1.01703,1.04018,1.06382,1.08686,1.11024,1.1301,1.138,319.512,-2.15%,-1.93%,-1.61%,-1.93%,-2.26%,0.11%,0.00%,-0.12%,-0.12%,-0.35%,-0.12%,-0.35%,0.00%,0.00%
108%,1.01693,1.04009,1.06374,1.08677,1.11013,1.1301,1.138,320.998,-2.16%,-2.05%,-1.73%,-1.94%,-2.38%,0.11%,0.00%,0.00%,-0.23%,-0.23%,-0.12%,-0.12%,0.00%,0.00%
109%,1.01683,1.03999,1.06366,1.08668,1.11002,1.13011,1.138,322.484,-2.17%,-2.17%,-1.84%,-2.06%,-2.39%,0.11%,0.00%,-0.12%,0.00%,-0.24%,-0.35%,0.00%,-0.12%,0.00%
109%,1.01673,1.03989,1.06357,1.08658,1.10991,1.13011,1.138,323.97,-2.29%,-2.07%,-1.96%,-2.29%,-2.40%,0.00%,0.00%,-0.12%,0.12%,-0.24%,-0.24%,-0.12%,-0.12%,0.00%
110%,1.01662,1.0398,1.06348,1.08647,1.1098,1.13011,1.138,325.456,-2.30%,-2.08%,-2.08%,-2.30%,-2.52%,0.00%,0.00%,0.12%,-0.12%,-0.24%,0.12%,-0.12%,0.00%,0.00%
110%,1.01652,1.0397,1.06338,1.08637,1.10968,1.13011,1.138,326.942,-2.20%,-2.20%,-2.20%,-2.20%,-2.53%,0.00%,0.00%,0.00%,0.00%,-0.12%,0.12%,0.00%,0.12%,0.00%
110%,1.01642,1.0396,1.06328,1.08627,1.10957,1.13011,1.138,328.428,-2.32%,-2.10%,-2.21%,-2.21%,-2.54%,0.11%,0.00%,-0.12%,0.24%,0.00%,-0.12%,0.00%,0.12%,0.00%
111%,1.01631,1.03951,1.06318,1.08617,1.10945,1.13012,1.138,329.914,-2.33%,-2.00%,-2.22%,-2.33%,-2.55%,0.11%,0.00%,0.25%,0.12%,0.00%,-0.12%,0.12%,-0.12%,0.00%
111%,1.01621,1.03942,1.06308,1.08606,1.10934,1.13012,1.138,331.4,-2.12%,-2.01%,-2.23%,-2.34%,-2.45%,0.00%,0.00%,0.25%,0.00%,0.00%,0.13%,0.13%,-0.12%,0.00%
112%,1.01612,1.03933,1.06298,1.08596,1.10923,1.13012,1.138,332.886,-2.13%,-2.02%,-2.24%,-2.24%,-2.46%,0.00%,0.00%,0.00%,0.13%,0.13%,0.25%,0.00%,0.00%,0.00%
113%,1.01602,1.03924,1.06288,1.08586,1.10912,1.13012,1.138,334.373,-2.14%,-1.91%,-2.14%,-2.14%,-2.47%,0.00%,0.00%,0.13%,0.25%,0.13%,0.13%,0.00%,0.00%,0.00%
113%,1.01593,1.03916,1.06279,1.08577,1.10901,1.13012,1.138,335.859,-2.03%,-1.81%,-2.15%,-2.15%,-2.49%,0.00%,0.00%,0.13%,0.13%,0.00%,0.00%,0.13%,0.00%,0.00%
114%,1.01584,1.03908,1.06269,1.08567,1.1089,1.13012,1.138,337.345,-2.04%,-1.82%,-2.16%,-2.16%,-2.38%,0.00%,0.00%,0.13%,0.13%,0.13%,0.13%,0.26%,0.00%,0.00%
114%,1.01575,1.039,1.0626,1.08558,1.1088,1.13012,1.138,338.831,-1.94%,-1.71%,-2.05%,-2.05%,-2.28%,0.00%,0.00%,0.26%,0.26%,0.13%,0.26%,0.26%,0.00%,0.00%
115%,1.01567,1.03893,1.06251,1.08549,1.1087,1.13012,1.138,340.317,-1.83%,-1.60%,-2.06%,-1.95%,-2.18%,0.00%,0.00%,0.13%,0.26%,0.13%,0.26%,0.13%,0.00%,0.00%
115%,1.01559,1.03886,1.06242,1.08541,1.10861,1.13012,1.138,341.803,-1.84%,-1.50%,-1.96%,-1.84%,-2.19%,0.00%,0.00%,0.00%,0.13%,0.26%,0.13%,0.13%,0.00%,0.00%
115%,1.01551,1.0388,1.06234,1.08533,1.10851,1.13012,1.138,343.289,-1.85%,-1.50%,-1.85%,-1.85%,-2.08%,0.00%,0.00%,0.13%,0.13%,0.13%,0.13%,0.27%,0.00%,0.00%
116%,1.01543,1.03873,1.06226,1.08525,1.10843,1.13012,1.138,344.775,-1.74%,-1.39%,-1.86%,-1.74%,-1.97%,0.00%,0.00%,0.27%,0.27%,0.13%,0.27%,0.13%,0.00%,0.00%
116%,1.01536,1.03868,1.06218,1.08518,1.10834,1.13012,1.138,346.261,-1.63%,-1.28%,-1.75%,-1.63%,-1.98%,0.00%,0.00%,0.27%,0.14%,0.27%,0.14%,0.27%,0.00%,0.00%
117%,1.01529,1.03862,1.06211,1.08511,1.10826,1.13012,1.138,347.747,-1.52%,-1.29%,-1.64%,-1.64%,-1.75%,0.00%,0.00%,0.14%,0.14%,0.14%,0.14%,0.27%,0.00%,0.00%
118%,1.01523,1.03857,1.06204,1.08504,1.10819,1.13012,1.138,349.234,-1.53%,-1.17%,-1.64%,-1.53%,-1.76%,0.00%,0.00%,0.14%,0.28%,0.14%,0.28%,0.00%,0.00%,0.00%
118%,1.01516,1.03852,1.06197,1.08498,1.10811,1.13012,1.138,350.72,-1.42%,-1.06%,-1.53%,-1.42%,-1.77%,0.00%,0.00%,0.28%,0.28%,0.28%,0.28%,0.28%,0.00%,0.00%
119%,1.01511,1.03848,1.06191,1.08492,1.10804,1.13012,1.138,352.206,-1.30%,-0.95%,-1.42%,-1.30%,-1.54%,0.00%,0.00%,0.00%,0.14%,0.14%,0.28%,0.42%,0.00%,0.00%
119%,1.01505,1.03844,1.06185,1.08487,1.10798,1.13012,1.138,353.692,-1.43%,-0.95%,-1.43%,-1.19%,-1.43%,0.00%,0.00%,0.00%,0.00%,0.14%,0.14%,0.14%,0.00%,0.00%
120%,1.01499,1.0384,1.06179,1.08482,1.10792,1.13012,1.138,355.178,-1.31%,-0.96%,-1.31%,-1.20%,-1.43%,0.00%,0.00%,0.43%,0.14%,0.29%,0.14%,0.14%,0.00%,0.00%
120%,1.01494,1.03836,1.06174,1.08477,1.10786,1.13012,1.138,356.664,-1.08%,-0.84%,-1.20%,-1.08%,-1.32%,0.00%,0.00%,0.29%,0.29%,0.14%,0.29%,0.29%,0.00%,0.00%
120%,1.0149,1.03833,1.06169,1.08473,1.10781,1.13012,1.138,358.15,-1.08%,-0.72%,-1.21%,-0.96%,-1.21%,0.00%,0.00%,0.00%,0.15%,0.15%,0.15%,0.15%,0.00%,0.00%
121%,1.01485,1.0383,1.06164,1.08469,1.10776,1.13012,1.138,359.636,-1.09%,-0.73%,-1.09%,-0.97%,-1.21%,0.00%,0.00%,0.15%,0.00%,0.29%,0.00%,0.00%,0.00%,0.00%
121%,1.01481,1.03827,1.0616,1.08465,1.10771,1.13012,1.138,361.122,-0.97%,-0.73%,-0.97%,-0.97%,-1.22%,0.00%,0.00%,0.15%,0.15%,0.15%,0.15%,0.15%,0.00%,0.00%
122%,1.01477,1.03824,1.06156,1.08461,1.10766,1.13012,1.138,362.608,-0.98%,-0.61%,-0.98%,-0.85%,-1.10%,0.00%,0.00%,0.00%,0.15%,0.15%,0.30%,0.30%,0.00%,0.00%
123%,1.01473,1.03822,1.06152,1.08458,1.10762,1.13012,1.138,364.095,-0.98%,-0.61%,-0.86%,-0.73%,-0.98%,0.00%,0.00%,0.15%,0.00%,0.30%,0.15%,0.30%,0.00%,0.00%
123%,1.01469,1.03819,1.06149,1.08455,1.10758,1.13012,1.138,365.581,-0.86%,-0.62%,-0.74%,-0.74%,-0.86%,0.00%,0.00%,0.30%,0.15%,0.15%,0.15%,0.30%,0.00%,0.00%
124%,1.01466,1.03817,1.06146,1.08452,1.10755,1.13012,1.138,367.067,-0.74%,-0.49%,-0.74%,-0.62%,-0.74%,0.00%,0.00%,0.00%,0.31%,0.00%,0.15%,0.00%,0.00%,0.00%
124%,1.01463,1.03815,1.06143,1.0845,1.10752,1.13012,1.138,368.553,-0.87%,-0.37%,-0.74%,-0.62%,-0.87%,0.00%,0.00%,0.00%,0.15%,0.00%,0.00%,0.00%,0.00%,0.00%
125%,1.01459,1.03814,1.0614,1.08447,1.10748,1.13012,1.138,370.039,-0.75%,-0.37%,-0.75%,-0.62%,-0.75%,0.00%,0.00%,0.31%,-0.16%,0.16%,0.16%,0.31%,0.00%,0.00%
125%,1.01457,1.03812,1.06137,1.08445,1.10746,1.13012,1.138,371.525,-0.63%,-0.50%,-0.63%,-0.50%,-0.63%,0.00%,0.00%,0.00%,0.00%,0.31%,0.16%,0.16%,0.00%,0.00%
125%,1.01454,1.0381,1.06135,1.08443,1.10743,1.13012,1.138,373.011,-0.75%,-0.38%,-0.50%,-0.50%,-0.63%,0.00%,0.00%,0.00%,0.32%,0.16%,0.16%,0.00%,0.00%,0.00%
126%,1.01451,1.03809,1.06133,1.08441,1.10741,1.13012,1.138,374.497,-0.63%,-0.25%,-0.50%,-0.38%,-0.63%,0.00%,0.00%,0.32%,0.16%,0.00%,0.16%,0.00%,0.00%,0.00%
126%,1.01449,1.03808,1.06131,1.0844,1.10738,1.13012,1.138,375.983,-0.51%,-0.25%,-0.51%,-0.38%,-0.63%,0.00%,0.00%,0.00%,0.00%,0.00%,0.00%,0.16%,0.00%,0.00%
127%,1.01447,1.03807,1.06129,1.08438,1.10736,1.13012,1.138,377.469,-0.63%,-0.25%,-0.51%,-0.38%,-0.51%,0.00%,0.00%,-0.16%,0.00%,0.16%,0.00%,0.32%,0.00%,0.00%
128%,1.01444,1.03806,1.06127,1.08437,1.10734,1.13012,1.138,378.956,-0.64%,-0.25%,-0.38%,-0.38%,-0.38%,0.00%,0.00%,0.16%,0.00%,0.32%,0.00%,0.16%,0.00%,0.00%
128%,1.01442,1.03805,1.06126,1.08435,1.10733,1.13012,1.138,380.442,-0.51%,-0.26%,-0.26%,-0.38%,-0.38%,0.00%,0.00%,0.33%,0.00%,0.00%,0.16%,0.00%,0.00%,0.00%
129%,1.0144,1.03804,1.06125,1.08434,1.10731,1.13012,1.138,381.928,-0.39%,-0.26%,-0.39%,-0.26%,-0.39%,0.00%,0.00%,0.17%,0.00%,-0.17%,0.17%,0.00%,0.00%,0.00%
129%,1.01439,1.03803,1.06123,1.08433,1.1073,1.13012,1.138,383.414,-0.39%,-0.26%,-0.39%,-0.26%,-0.39%,0.00%,0.00%,-0.17%,0.00%,0.17%,0.00%,0.00%,0.00%,0.00%
130%,1.01437,1.03802,1.06122,1.08432,1.10728,1.13012,1.138,384.9,-0.52%,-0.26%,-0.26%,-0.26%,-0.39%,0.00%,0.00%,0.00%,0.17%,0.17%,0.17%,0.17%,0.00%,0.00%
130%,1.01435,1.03801,1.06121,1.08431,1.10727,1.13012,1.138,386.386,-0.39%,-0.13%,-0.26%,-0.13%,-0.26%,0.00%,0.00%,0.17%,0.17%,0.00%,0.17%,0.17%,0.00%,0.00%
130%,1.01434,1.03801,1.0612,1.08431,1.10726,1.13012,1.138,387.872,-0.39%,-0.13%,-0.26%,-0.13%,-0.26%,0.00%,0.00%,0.00%,0.00%,0.00%,-0.17%,0.00%,0.00%,0.00%
131%,1.01432,1.038,1.06119,1.0843,1.10725,1.13012,1.138,389.358,-0.39%,-0.13%,-0.26%,-0.26%,-0.26%,0.00%,0.00%,0.00%,0.00%,0.17%,0.00%,0.00%,0.00%,0.00%
131%,1.01431,1.038,1.06118,1.08429,1.10724,1.13012,1.138,390.844,-0.39%,-0.13%,-0.13%,-0.13%,-0.26%,0.00%,0.00%,0.00%,0.00%,0.17%,0.17%,0.17%,0.00%,0.00%
132%,1.01429,1.03799,1.06118,1.08429,1.10723,1.13012,1.138,392.33,-0.40%,-0.13%,-0.13%,-0.13%,-0.13%,0.00%,0.00%,0.17%,0.00%,-0.17%,0.00%,0.17%,0.00%,0.00%
133%,1.01428,1.03799,1.06117,1.08428,1.10723,1.13012,1.138,393.817,-0.26%,-0.13%,-0.26%,-0.13%,-0.13%,0.00%,0.00%,0.18%,0.00%,0.00%,0.18%,-0.18%,0.00%,0.00%
133%,1.01427,1.03798,1.06116,1.08428,1.10722,1.13012,1.138,395.303,-0.27%,-0.13%,-0.13%,0.00%,-0.27%,0.00%,0.00%,0.00%,0.18%,0.18%,0.00%,0.00%,0.00%,0.00%
134%,1.01426,1.03798,1.06116,1.08428,1.10721,1.13012,1.138,396.789,-0.27%,0.00%,-0.13%,-0.13%,-0.13%,0.00%,0.00%,0.00%,0.00%,0.00%,-0.18%,0.18%,0.00%,0.00%
134%,1.01425,1.03798,1.06115,1.08427,1.10721,1.13012,1.138,398.275,-0.27%,-0.13%,-0.13%,-0.13%,-0.13%,0.00%,0.00%,0.00%,-0.18%,0.00%,0.18%,0.00%,0.00%,0.00%
135%,1.01424,1.03797,1.06115,1.08427,1.1072,1.13012,1.138,399.761,-0.27%,-0.13%,-0.13%,0.00%,-0.13%,0.00%,0.00%,0.00%,0.18%,0.00%,0.00%,0.00%,0.00%,0.00%
135%,1.01423,1.03797,1.06114,1.08427,1.1072,1.13012,1.138,401.247,-0.27%,0.00%,-0.14%,-0.14%,-0.14%,0.00%,0.00%,0.00%,0.18%,0.18%,-0.18%,0.00%,0.00%,0.00%
135%,1.01422,1.03797,1.06114,1.08426,1.10719,1.13012,1.138,402.733,-0.27%,0.00%,0.00%,-0.14%,-0.14%,0.00%,0.00%,0.00%,-0.18%,0.18%,0.18%,0.18%,0.00%,0.00%
136%,1.01421,1.03797,1.06114,1.08426,1.10719,1.13012,1.138,404.219,-0.27%,-0.14%,0.00%,0.00%,0.00%,0.00%,0.00%,0.18%,-0.18%,-0.18%,0.18%,0.00%,0.00%,0.00%
136%,1.0142,1.03796,1.06114,1.08426,1.10719,1.13012,1.138,405.705,-0.14%,-0.14%,-0.14%,0.00%,-0.14%,0.00%,0.00%,0.19%,0.19%,-0.19%,0.00%,-0.19%,0.00%,0.00%
137%,1.0142,1.03796,1.06113,1.08426,1.10718,1.13012,1.138,407.191,-0.14%,0.00%,-0.14%,0.00%,-0.14%,0.00%,0.00%,-0.19%,0.19%,0.19%,-0.19%,0.19%,0.00%,0.00%
138%,1.01419,1.03796,1.06113,1.08426,1.10718,1.13012,1.138,408.678,-0.27%,0.00%,0.00%,-0.14%,0.00%,0.00%,0.00%,0.00%,0.00%,0.19%,-0.19%,0.19%,0.00%,0.00%
138%,1.01418,1.03796,1.06113,1.08425,1.10718,1.13012,1.138,410.164,-0.14%,0.00%,0.00%,-0.14%,0.00%,0.00%,0.00%,0.19%,0.00%,-0.19%,0.19%,-0.19%,0.00%,0.00%
139%,1.01418,1.03796,1.06113,1.08425,1.10718,1.13012,1.138,411.65,-0.14%,0.00%,-0.14%,0.00%,-0.14%,0.00%,0.00%,0.00%,0.00%,-0.19%,0.19%,-0.19%,0.00%,0.00%
139%,1.01417,1.03796,1.06112,1.08425,1.10717,1.13012,1.138,413.136,-0.14%,0.00%,-0.14%,0.00%,-0.14%,0.00%,0.00%,0.00%,-0.19%,0.19%,0.00%,0.19%,0.00%,0.00%
140%,1.01417,1.03796,1.06112,1.08425,1.10717,1.13012,1.138,414.622,-0.14%,-0.14%,0.00%,0.00%,0.00%,0.00%,0.00%,-0.19%,-0.19%,0.19%,0.00%,0.19%,0.00%,0.00%
140%,1.01416,1.03795,1.06112,1.08425,1.10717,1.13012,1.138,416.108,-0.28%,-0.14%,0.00%,0.00%,0.00%,0.00%,0.00%,0.00%,0.20%,0.00%,0.00%,0.00%,0.00%,0.00%
140%,1.01415,1.03795,1.06112,1.08425,1.10717,1.13012,1.138,417.594,-0.14%,0.00%,0.00%,0.00%,0.00%,0.00%,0.00%,0.39%,0.20%,0.00%,0.00%,0.00%,0.00%,0.00%
141%,1.01415,1.03795,1.06112,1.08425,1.10717,1.13012,1.138,419.08,0.00%,0.00%,0.00%,0.00%,0.00%,0.00%,0.00%,0.00%,0.00%,0.00%,0.00%,0.00%,0.00%,0.00%
141%,1.01415,1.03795,1.06112,1.08425,1.10717,1.13012,1.138,420.566,-0.14%,0.00%,0.00%,0.00%,0.00%,0.00%,0.00%,-0.20%,0.00%,0.00%,0.00%,-0.20%,0.00%,0.00%
142%,1.01414,1.03795,1.06112,1.08425,1.10717,1.13012,1.138,422.052,-0.14%,0.00%,0.00%,0.00%,-0.14%,0.00%,0.00%,0.00%,0.00%,-0.20%,0.00%,-0.20%,0.00%,0.00%
143%,1.01414,1.03795,1.06112,1.08425,1.10716,1.13012,1.138,423.539,-0.14%,0.00%,-0.14%,0.00%,-0.14%,0.00%,0.00%,0.00%,0.00%,-0.20%,0.00%,0.20%,0.00%,0.00%
143%,1.01413,1.03795,1.06111,1.08425,1.10716,1.13012,1.138,425.025,-0.14%,0.00%,-0.14%,0.00%,0.00%,0.00%,0.00%,0.20%,0.00%,0.20%,0.00%,0.20%,0.00%,0.00%
144%,1.01413,1.03795,1.06111,1.08425,1.10716,1.13012,1.138,426.511,0.00%,0.00%,0.00%,0.00%,0.00%,0.00%,0.00%,0.00%,0.00%,0.21%,0.00%,0.00%,0.00%,0.00%
144%,1.01413,1.03795,1.06111,1.08425,1.10716,1.13012,1.138,427.997,-0.14%,0.00%,0.00%,0.00%,0.00%,0.00%,0.00%,-0.21%,0.00%,0.00%,-0.21%,0.00%,0.00%,0.00%
145%,1.01412,1.03795,1.06111,1.08425,1.10716,1.13012,1.138,429.483,-0.14%,0.00%,0.00%,-0.14%,0.00%,0.00%,0.00%,0.21%,0.00%,0.00%,-0.21%,0.00%,0.00%,0.00%
145%,1.01412,1.03795,1.06111,1.08424,1.10716,1.13012,1.138,430.969,0.00%,0.00%,0.00%,-0.15%,0.00%,0.00%,0.00%,0.00%,0.00%,0.00%,0.21%,0.00%,0.00%,0.00%
145%,1.01412,1.03795,1.06111,1.08424,1.10716,1.13012,1.138,432.455,-0.15%,0.00%,0.00%,0.00%,0.00%,0.00%,0.00%,-0.21%,0.00%,0.00%,0.21%,0.00%,0.00%,0.00%
146%,1.01411,1.03795,1.06111,1.08424,1.10716,1.13012,1.138,433.941,-0.15%,0.00%,0.00%,0.00%,0.00%,0.00%,0.00%,0.21%,0.00%,0.00%,0.00%,0.00%,0.00%,0.00%
146%,1.01411,1.03795,1.06111,1.08424,1.10716,1.13012,1.138,435.427,0.00%,0.00%,0.00%,0.00%,0.00%,0.00%,0.00%,0.21%,0.00%,0.00%,0.00%,0.00%,0.00%,0.00%
147%,1.01411,1.03795,1.06111,1.08424,1.10716,1.13012,1.138,436.913,0.00%,0.00%,0.00%,0.00%,0.00%,0.00%,0.00%,0.00%,0.00%,0.00%,0.00%,0.00%,0.00%,0.00%
148%,1.01411,1.03795,1.06111,1.08424,1.10716,1.13012,1.138,438.4,0.00%,0.00%,0.00%,0.00%,0.00%,0.00%,0.00%,-0.22%,0.00%,0.00%,0.00%,0.00%,0.00%,0.00%
148%,1.01411,1.03795,1.06111,1.08424,1.10716,1.13012,1.138,439.886,-0.15%,0.00%,0.00%,0.00%,0.00%,0.00%,0.00%,-0.22%,0.00%,0.00%,0.00%,0.00%,0.00%,0.00%
149%,1.0141,1.03795,1.06111,1.08424,1.10716,1.13012,1.138,441.372,-0.15%,0.00%,0.00%,0.00%,0.00%,0.00%,0.00%,0.22%,0.00%,0.00%,0.00%,0.00%,0.00%,0.00%
149%,1.0141,1.03795,1.06111,1.08424,1.10716,1.13012,1.138,442.858,0.00%,0.00%,0.00%,0.00%,0.00%,0.00%,0.00%,0.22%,0.00%,0.00%,0.00%,0.00%,0.00%,0.00%
150%,1.0141,1.03795,1.06111,1.08424,1.10716,1.13012,1.138,444.344,0.00%,0.00%,0.00%,0.00%,0.00%,0.00%,0.00%,0.00%,-0.22%,0.00%,0.00%,0.00%,0.00%,0.00%
150%,1.0141,1.03795,1.06111,1.08424,1.10716,1.13012,1.138,445.83,0.00%,-0.15%,0.00%,0.00%,0.00%,0.00%,0.00%,0.00%,-0.23%,0.00%,0.00%,0.00%,0.00%,0.00%
150%,1.0141,1.03794,1.06111,1.08424,1.10716,1.13012,1.138,447.316,0.00%,-0.15%,0.00%,0.00%,0.00%,0.00%,0.00%,-0.23%,0.23%,0.00%,0.00%,0.00%,0.00%,0.00%
151%,1.0141,1.03794,1.06111,1.08424,1.10716,1.13012,1.138,448.802,-0.15%,0.00%,0.00%,0.00%,0.00%,0.00%,0.00%,-0.23%,0.23%,0.00%,0.00%,0.00%,0.00%,0.00%
151%,1.01409,1.03794,1.06111,1.08424,1.10716,1.13012,1.138,450.288,-0.15%,0.00%,0.00%,0.00%,0.00%,0.00%,0.00%,0.23%,0.00%,0.00%,0.00%,0.00%,0.00%,0.00%
152%,1.01409,1.03794,1.06111,1.08424,1.10716,1.13012,1.138,451.774,0.00%,0.00%,0.00%,0.00%,0.00%,0.00%,0.00%,0.23%,0.00%,0.00%,0.00%,0.00%,0.00%,0.00%
153%,1.01409,1.03794,1.06111,1.08424,1.10716,1.13012,1.138,453.261,0.00%,0.00%,0.00%,0.00%,0.00%,0.00%,0.00%,0.00%,0.00%,0.00%,0.00%,0.00%,0.00%,0.00%
153%,1.01409,1.03794,1.06111,1.08424,1.10716,1.13012,1.138,454.747,0.00%,0.00%,0.00%,0.00%,0.00%,0.00%,0.00%,0.00%,0.00%,0.00%,0.00%,0.00%,0.00%,0.00%
154%,1.01409,1.03794,1.06111,1.08424,1.10716,1.13012,1.138,456.233,0.00%,0.00%,0.00%,0.00%,0.00%,0.00%,0.00%,0.00%,0.00%,0.00%,0.00%,0.00%,0.00%,0.00%
154%,1.01409,1.03794,1.06111,1.08424,1.10716,1.13012,1.138,457.719,0.00%,0.00%,0.00%,0.00%,0.00%,0.00%,0.00%,0.00%,0.00%,0.00%,0.00%,0.00%,0.00%,0.00%
155%,1.01409,1.03794,1.06111,1.08424,1.10716,1.13012,1.138,459.205,0.00%,0.00%,0.00%,0.00%,0.00%,0.00%,0.00%,0.00%,0.00%,0.00%,0.00%,0.00%,0.00%,0.00%
155%,1.01409,1.03794,1.06111,1.08424,1.10716,1.13012,1.138,460.691,0.00%,0.00%,0.00%,0.00%,0.00%,0.00%,0.00%,-0.24%,0.00%,0.00%,0.00%,0.00%,0.00%,0.00%
155%,1.01409,1.03794,1.06111,1.08424,1.10716,1.13012,1.138,462.177,-0.16%,0.00%,0.00%,0.00%,0.00%,0.00%,0.00%,-0.24%,0.00%,0.00%,0.00%,0.00%,0.00%,0.00%
156%,1.01408,1.03794,1.06111,1.08424,1.10716,1.13012,1.138,463.663,-0.16%,0.00%,0.00%,0.00%,0.00%,0.00%,0.00%,0.24%,0.00%,0.00%,0.00%,0.00%,0.00%,0.00%
156%,1.01408,1.03794,1.06111,1.08424,1.10716,1.13012,1.138,465.149,0.00%,0.00%,0.00%,0.00%,0.00%,0.00%,0.00%,0.24%,0.00%,0.00%,0.00%,0.00%,0.00%,0.00%
157%,1.01408,1.03794,1.06111,1.08424,1.10716,1.13012,1.138,466.635,0.00%,0.00%,0.00%,0.00%,0.00%,0.00%,0.00%,0.00%,0.00%,0.00%,0.00%,0.00%,0.00%,0.00%
158%,1.01408,1.03794,1.06111,1.08424,1.10716,1.13012,1.138,468.122,0.00%,0.00%,0.00%,0.00%,0.00%,0.00%,0.00%,0.00%,0.00%,0.00%,0.00%,0.00%,0.00%,0.00%
158%,1.01408,1.03794,1.06111,1.08424,1.10716,1.13012,1.138,469.608,0.00%,0.00%,0.00%,0.00%,0.00%,0.00%,0.00%,0.00%,0.00%,0.00%,0.00%,0.00%,0.00%,0.00%
159%,1.01408,1.03794,1.06111,1.08424,1.10716,1.13012,1.138,471.094,0.00%,0.00%,0.00%,0.00%,0.00%,0.00%,0.00%,0.00%,0.00%,0.00%,0.00%,0.00%,0.00%,0.00%
159%,1.01408,1.03794,1.06111,1.08424,1.10716,1.13012,1.138,472.58,0.00%,0.00%,0.00%,0.00%,0.00%,0.00%,0.00%,0.00%,0.00%,0.00%,0.00%,0.00%,0.00%,0.00%
160%,1.01408,1.03794,1.06111,1.08424,1.10716,1.13012,1.138,474.066,0.00%,0.00%,0.00%,0.00%,0.00%,0.00%,0.00%,0.00%,0.00%,0.00%,0.00%,0.00%,0.00%,0.00%
160%,1.01408,1.03794,1.06111,1.08424,1.10716,1.13012,1.138,475.552,0.00%,0.00%,0.00%,0.00%,0.00%,0.00%,0.00%,0.00%,0.00%,0.00%,0.00%,0.00%,0.00%,0.00%
160%,1.01408,1.03794,1.06111,1.08424,1.10716,1.13012,1.138,477.038,0.00%,0.00%,0.00%,0.00%,0.00%,0.00%,0.00%,0.00%,0.00%,0.00%,0.00%,0.00%,0.00%,0.00%
161%,1.01408,1.03794,1.06111,1.08424,1.10716,1.13012,1.138,478.524,0.00%,0.00%,0.00%,0.00%,0.00%,0.00%,0.00%,0.00%,0.00%,0.00%,0.00%,0.00%,0.00%,0.00%
161%,1.01408,1.03794,1.06111,1.08424,1.10716,1.13012,1.138,480.01,0.00%,0.00%,0.00%,0.00%,0.00%,0.00%,0.00%,0.00%,0.00%,0.00%,0.00%,0.00%,0.00%,0.00%
162%,1.01408,1.03794,1.06111,1.08424,1.10716,1.13012,1.138,481.496,0.00%,0.00%,0.00%,0.00%,0.00%,0.00%,0.00%,0.00%,0.00%,0.00%,0.00%,0.00%,0.00%,0.00%
163%,1.01408,1.03794,1.06111,1.08424,1.10716,1.13012,1.138,482.983,0.00%,0.00%,0.00%,0.00%,0.00%,0.00%,0.00%,0.00%,0.00%,0.00%,0.00%,0.00%,0.00%,0.00%
163%,1.01408,1.03794,1.06111,1.08424,1.10716,1.13012,1.138,484.469,0.00%,0.00%,0.00%,0.00%,0.00%,0.00%,0.00%,0.00%,0.00%,0.00%,0.00%,0.00%,0.00%,0.00%
164%,1.01408,1.03794,1.06111,1.08424,1.10716,1.13012,1.138,485.955,0.00%,0.00%,0.00%,0.00%,0.00%,0.00%,0.00%,0.00%,0.00%,0.00%,0.00%,0.00%,0.00%,0.00%
164%,1.01408,1.03794,1.06111,1.08424,1.10716,1.13012,1.138,487.441,0.00%,0.00%,0.00%,0.00%,0.00%,0.00%,0.00%,0.00%,0.00%,0.00%,0.00%,0.00%,0.00%,0.00%
165%,1.01408,1.03794,1.06111,1.08424,1.10716,1.13012,1.138,488.927,0.00%,0.00%,0.00%,0.00%,0.00%,0.00%,0.00%,0.00%,0.00%,0.00%,0.00%,0.00%,0.00%,0.00%
165%,1.01408,1.03794,1.06111,1.08424,1.10716,1.13012,1.138,490.413,0.00%,0.00%,0.00%,0.00%,0.00%,0.00%,0.00%,0.00%,0.00%,0.00%,0.00%,0.00%,0.00%,0.00%
165%,1.01408,1.03794,1.06111,1.08424,1.10716,1.13012,1.138,491.899,0.00%,0.00%,0.00%,0.00%,0.00%,0.00%,0.00%,0.00%,0.00%,0.00%,0.00%,0.00%,0.00%,0.00%
166%,1.01408,1.03794,1.06111,1.08424,1.10716,1.13012,1.138,493.385,0.00%,0.00%,0.00%,0.00%,0.00%,0.00%,0.00%,0.00%,0.00%,0.00%,0.00%,0.00%,0.00%,0.00%
166%,1.01408,1.03794,1.06111,1.08424,1.10716,1.13012,1.138,494.871,0.00%,0.00%,0.00%,0.00%,0.00%,0.00%,0.00%,-0.28%,0.00%,0.00%,0.00%,0.00%,0.00%,0.00%
167%,1.01408,1.03794,1.06111,1.08424,1.10716,1.13012,1.138,496.357,-0.17%,0.00%,0.00%,0.00%,0.00%,0.00%,0.00%,-0.28%,0.00%,0.00%,0.00%,0.00%,0.00%,0.00%
168%,1.01407,1.03794,1.06111,1.08424,1.10716,1.13012,1.138,497.844,-0.17%,0.00%,0.00%,0.00%,0.00%,0.00%,0.00%,0.28%,0.00%,0.00%,0.00%,0.00%,0.00%,0.00%
168%,1.01407,1.03794,1.06111,1.08424,1.10716,1.13012,1.138,499.33,0.00%,0.00%,0.00%,0.00%,0.00%,0.00%,0.00%,0.28%,0.00%,0.00%,0.00%,0.00%,0.00%,0.00%
169%,1.01407,1.03794,1.06111,1.08424,1.10716,1.13012,1.138,500.816,0.00%,0.00%,0.00%,0.00%,0.00%,0.00%,0.00%,0.00%,0.00%,0.00%,0.00%,0.00%,0.00%,0.00%
169%,1.01407,1.03794,1.06111,1.08424,1.10716,1.13012,1.138,502.302,0.00%,0.00%,0.00%,0.00%,0.00%,0.00%,0.00%,0.00%,0.00%,0.00%,0.00%,0.00%,0.00%,0.00%
170%,1.01407,1.03794,1.06111,1.08424,1.10716,1.13012,1.138,503.788,0.00%,0.00%,0.00%,0.00%,0.00%,0.00%,0.00%,0.00%,0.00%,0.00%,0.00%,0.00%,0.00%,0.00%
170%,1.01407,1.03794,1.06111,1.08424,1.10716,1.13012,1.138,505.274,0.00%,0.00%,0.00%,0.00%,0.00%,0.00%,0.00%,0.00%,0.00%,0.00%,0.00%,0.00%,0.00%,0.00%
170%,1.01407,1.03794,1.06111,1.08424,1.10716,1.13012,1.138,506.76,0.00%,0.00%,0.00%,0.00%,0.00%,0.00%,0.00%,0.00%,0.00%,0.00%,0.00%,0.00%,0.00%,0.00%
171%,1.01407,1.03794,1.06111,1.08424,1.10716,1.13012,1.138,508.246,0.00%,0.00%,0.00%,0.00%,0.00%,0.00%,0.00%,0.00%,0.00%,0.00%,0.00%,0.00%,0.00%,0.00%
171%,1.01407,1.03794,1.06111,1.08424,1.10716,1.13012,1.138,509.732,0.00%,0.00%,0.00%,0.00%,0.00%,0.00%,0.00%,0.00%,0.00%,0.00%,0.00%,0.00%,0.00%,0.00%
172%,1.01407,1.03794,1.06111,1.08424,1.10716,1.13012,1.138,511.218,0.00%,0.00%,0.00%,0.00%,0.00%,0.00%,0.00%,0.00%,0.00%,0.00%,0.00%,0.00%,0.00%,0.00%
173%,1.01407,1.03794,1.06111,1.08424,1.10716,1.13012,1.138,512.705,0.00%,0.00%,0.00%,0.00%,0.00%,0.00%,0.00%,0.00%,0.00%,0.00%,0.00%,0.00%,0.00%,0.00%
173%,1.01407,1.03794,1.06111,1.08424,1.10716,1.13012,1.138,514.191,0.00%,0.00%,0.00%,0.00%,0.00%,0.00%,0.00%,0.00%,0.00%,0.00%,0.00%,0.00%,0.00%,0.00%
174%,1.01407,1.03794,1.06111,1.08424,1.10716,1.13012,1.138,515.677,0.00%,0.00%,0.00%,0.00%,0.00%,0.00%,0.00%,0.00%,0.00%,0.00%,0.00%,0.00%,0.00%,0.00%
174%,1.01407,1.03794,1.06111,1.08424,1.10716,1.13012,1.138,517.163,0.00%,0.00%,0.00%,0.00%,0.00%,0.00%,0.00%,0.00%,0.00%,0.00%,0.00%,0.00%,0.00%,0.00%
175%,1.01407,1.03794,1.06111,1.08424,1.10716,1.13012,1.138,518.649,0.00%,0.00%,0.00%,0.00%,0.00%,0.00%,0.00%,0.00%,0.00%,0.00%,0.00%,0.00%,0.00%,0.00%
175%,1.01407,1.03794,1.06111,1.08424,1.10716,1.13012,1.138,520.135,0.00%,0.00%,0.00%,0.00%,0.00%,0.00%,0.00%,0.00%,0.00%,0.00%,0.00%,0.00%,0.00%,0.00%
175%,1.01407,1.03794,1.06111,1.08424,1.10716,1.13012,1.138,521.621,0.00%,0.00%,0.00%,0.00%,0.00%,0.00%,0.00%,0.00%,0.00%,0.00%,0.00%,0.00%,0.00%,0.00%
176%,1.01407,1.03794,1.06111,1.08424,1.10716,1.13012,1.138,523.107,0.00%,0.00%,0.00%,0.00%,0.00%,0.00%,0.00%,0.00%,0.00%,0.00%,0.00%,0.00%,0.00%,0.00%
176%,1.01407,1.03794,1.06111,1.08424,1.10716,1.13012,1.138,524.593,0.00%,0.00%,0.00%,0.00%,0.00%,0.00%,0.00%,0.00%,0.00%,0.00%,0.00%,0.00%,0.00%,0.00%
177%,1.01407,1.03794,1.06111,1.08424,1.10716,1.13012,1.138,526.079,0.00%,0.00%,0.00%,0.00%,0.00%,0.00%,0.00%,0.00%,0.00%,0.00%,0.00%,0.00%,0.00%,0.00%
178%,1.01407,1.03794,1.06111,1.08424,1.10716,1.13012,1.138,527.566,0.00%,0.00%,0.00%,0.00%,0.00%,0.00%,0.00%,0.00%,0.00%,0.00%,0.00%,0.00%,0.00%,0.00%
178%,1.01407,1.03794,1.06111,1.08424,1.10716,1.13012,1.138,529.052,0.00%,0.00%,0.00%,0.00%,0.00%,0.00%,0.00%,0.00%,0.00%,0.00%,0.00%,0.00%,0.00%,0.00%
179%,1.01407,1.03794,1.06111,1.08424,1.10716,1.13012,1.138,530.538,0.00%,0.00%,0.00%,0.00%,0.00%,0.00%,0.00%,0.00%,0.00%,0.00%,0.00%,0.00%,0.00%,0.00%
179%,1.01407,1.03794,1.06111,1.08424,1.10716,1.13012,1.138,532.024,0.00%,0.00%,0.00%,0.00%,0.00%,0.00%,0.00%,0.00%,0.00%,0.00%,0.00%,0.00%,0.00%,0.00%
180%,1.01407,1.03794,1.06111,1.08424,1.10716,1.13012,1.138,533.51,0.00%,0.00%,0.00%,0.00%,0.00%,0.00%,0.00%,0.00%,0.00%,0.00%,0.00%,0.00%,0.00%,0.00%
180%,1.01407,1.03794,1.06111,1.08424,1.10716,1.13012,1.138,534.996,0.00%,0.00%,0.00%,0.00%,0.00%,0.00%,0.00%,0.00%,0.00%,0.00%,0.00%,0.00%,0.00%,0.00%
180%,1.01407,1.03794,1.06111,1.08424,1.10716,1.13012,1.138,536.482,0.00%,0.00%,0.00%,0.00%,0.00%,0.00%,0.00%,0.00%,0.00%,0.00%,0.00%,0.00%,0.00%,0.00%
181%,1.01407,1.03794,1.06111,1.08424,1.10716,1.13012,1.138,537.968,0.00%,0.00%,0.00%,0.00%,0.00%,0.00%,0.00%,0.00%,0.00%,0.00%,0.00%,0.00%,0.00%,0.00%
181%,1.01407,1.03794,1.06111,1.08424,1.10716,1.13012,1.138,539.454,0.00%,0.00%,0.00%,0.00%,0.00%,0.00%,0.00%,0.00%,0.00%,0.00%,0.00%,0.00%,0.00%,0.00%
182%,1.01407,1.03794,1.06111,1.08424,1.10716,1.13012,1.138,540.94,0.00%,0.00%,0.00%,0.00%,0.00%,0.00%,0.00%,0.00%,0.00%,0.00%,0.00%,0.00%,0.00%,0.00%
183%,1.01407,1.03794,1.06111,1.08424,1.10716,1.13012,1.138,542.427,0.00%,0.00%,0.00%,0.00%,0.00%,0.00%,0.00%,0.00%,0.00%,0.00%,0.00%,0.00%,0.00%,0.00%
183%,1.01407,1.03794,1.06111,1.08424,1.10716,1.13012,1.138,543.913,0.00%,0.00%,0.00%,0.00%,0.00%,0.00%,0.00%,0.00%,0.00%,0.00%,0.00%,0.00%,0.00%,0.00%
184%,1.01407,1.03794,1.06111,1.08424,1.10716,1.13012,1.138,545.399,0.00%,0.00%,0.00%,0.00%,0.00%,0.00%,0.00%,0.00%,0.00%,0.00%,0.00%,0.00%,0.00%,0.00%
184%,1.01407,1.03794,1.06111,1.08424,1.10716,1.13012,1.138,546.885,0.00%,0.00%,0.00%,0.00%,0.00%,0.00%,0.00%,0.00%,0.00%,0.00%,0.00%,0.00%,0.00%,0.00%
185%,1.01407,1.03794,1.06111,1.08424,1.10716,1.13012,1.138,548.371,0.00%,0.00%,0.00%,0.00%,0.00%,0.00%,0.00%,0.00%,0.00%,0.00%,0.00%,0.00%,0.00%,0.00%
185%,1.01407,1.03794,1.06111,1.08424,1.10716,1.13012,1.138,549.857,0.00%,0.00%,0.00%,0.00%,0.00%,0.00%,0.00%,0.00%,0.00%,0.00%,0.00%,0.00%,0.00%,0.00%
185%,1.01407,1.03794,1.06111,1.08424,1.10716,1.13012,1.138,551.343,0.00%,0.00%,0.00%,0.00%,0.00%,0.00%,0.00%,0.00%,0.00%,0.00%,0.00%,0.00%,0.00%,0.00%
186%,1.01407,1.03794,1.06111,1.08424,1.10716,1.13012,1.138,552.829,0.00%,0.00%,0.00%,0.00%,0.00%,0.00%,0.00%,0.00%,0.00%,0.00%,0.00%,0.00%,0.00%,0.00%
186%,1.01407,1.03794,1.06111,1.08424,1.10716,1.13012,1.138,554.315,0.00%,0.00%,0.00%,0.00%,0.00%,0.00%,0.00%,0.00%,0.00%,0.00%,0.00%,0.00%,0.00%,0.00%
187%,1.01407,1.03794,1.06111,1.08424,1.10716,1.13012,1.138,555.801,0.00%,0.00%,0.00%,0.00%,0.00%,0.00%,0.00%,0.00%,0.00%,0.00%,0.00%,0.00%,0.00%,0.00%
188%,1.01407,1.03794,1.06111,1.08424,1.10716,1.13012,1.138,557.288,0.00%,0.00%,0.00%,0.00%,0.00%,0.00%,0.00%,0.00%,0.00%,0.00%,0.00%,0.00%,0.00%,0.00%
188%,1.01407,1.03794,1.06111,1.08424,1.10716,1.13012,1.138,558.774,0.00%,0.00%,0.00%,0.00%,0.00%,0.00%,0.00%,0.00%,0.00%,0.00%,0.00%,0.00%,0.00%,0.00%
189%,1.01407,1.03794,1.06111,1.08424,1.10716,1.13012,1.138,560.26,0.00%,0.00%,0.00%,0.00%,0.00%,0.00%,0.00%,0.00%,0.00%,0.00%,0.00%,0.00%,0.00%,0.00%
189%,1.01407,1.03794,1.06111,1.08424,1.10716,1.13012,1.138,561.746,0.00%,0.00%,0.00%,0.00%,0.00%,0.00%,0.00%,0.00%,0.00%,0.00%,0.00%,0.00%,0.00%,0.00%
190%,1.01407,1.03794,1.06111,1.08424,1.10716,1.13012,1.138,563.232,0.00%,0.00%,0.00%,0.00%,0.00%,0.00%,0.00%,0.00%,0.00%,0.00%,0.00%,0.00%,0.00%,0.00%
190%,1.01407,1.03794,1.06111,1.08424,1.10716,1.13012,1.138,564.718,0.00%,0.00%,0.00%,0.00%,0.00%,0.00%,0.00%,0.00%,0.00%,0.00%,0.00%,0.00%,0.00%,0.00%
190%,1.01407,1.03794,1.06111,1.08424,1.10716,1.13012,1.138,566.204,0.00%,0.00%,0.00%,0.00%,0.00%,0.00%,0.00%,0.00%,0.00%,0.00%,0.00%,0.00%,0.00%,0.00%
191%,1.01407,1.03794,1.06111,1.08424,1.10716,1.13012,1.138,567.69,0.00%,0.00%,0.00%,0.00%,0.00%,0.00%,0.00%,0.00%,0.00%,0.00%,0.00%,0.00%,0.00%,0.00%
191%,1.01407,1.03794,1.06111,1.08424,1.10716,1.13012,1.138,569.176,0.00%,0.00%,0.00%,0.00%,0.00%,0.00%,0.00%,0.00%,0.00%,0.00%,0.00%,0.00%,0.00%,0.00%
192%,1.01407,1.03794,1.06111,1.08424,1.10716,1.13012,1.138,570.662,0.00%,0.00%,0.00%,0.00%,0.00%,0.00%,0.00%,0.00%,0.00%,0.00%,0.00%,0.00%,0.00%,0.00%
193%,1.01407,1.03794,1.06111,1.08424,1.10716,1.13012,1.138,572.149,0.00%,0.00%,0.00%,0.00%,0.00%,0.00%,0.00%,0.00%,0.00%,0.00%,0.00%,0.00%,0.00%,0.00%
193%,1.01407,1.03794,1.06111,1.08424,1.10716,1.13012,1.138,573.635,0.00%,0.00%,0.00%,0.00%,0.00%,0.00%,0.00%,0.00%,0.00%,0.00%,0.00%,0.00%,0.00%,0.00%
194%,1.01407,1.03794,1.06111,1.08424,1.10716,1.13012,1.138,575.121,0.00%,0.00%,0.00%,0.00%,0.00%,0.00%,0.00%,0.00%,0.00%,0.00%,0.00%,0.00%,0.00%,0.00%
194%,1.01407,1.03794,1.06111,1.08424,1.10716,1.13012,1.138,576.607,0.00%,0.00%,0.00%,0.00%,0.00%,0.00%,0.00%,0.00%,0.00%,0.00%,0.00%,0.00%,0.00%,0.00%
195%,1.01407,1.03794,1.06111,1.08424,1.10716,1.13012,1.138,578.093,0.00%,0.00%,0.00%,0.00%,0.00%,0.00%,0.00%,0.00%,0.00%,0.00%,0.00%,0.00%,0.00%,0.00%
195%,1.01407,1.03794,1.06111,1.08424,1.10716,1.13012,1.138,579.579,0.00%,0.00%,0.00%,0.00%,0.00%,0.00%,0.00%,0.00%,0.00%,0.00%,0.00%,0.00%,0.00%,0.00%
195%,1.01407,1.03794,1.06111,1.08424,1.10716,1.13012,1.138,581.065,0.00%,0.00%,0.00%,0.00%,0.00%,0.00%,0.00%,0.00%,0.00%,0.00%,0.00%,0.00%,0.00%,0.00%
196%,1.01407,1.03794,1.06111,1.08424,1.10716,1.13012,1.138,582.551,0.00%,0.00%,0.00%,0.00%,0.00%,0.00%,0.00%,0.00%,0.00%,0.00%,0.00%,0.00%,0.00%,0.00%
196%,1.01407,1.03794,1.06111,1.08424,1.10716,1.13012,1.138,584.037,0.00%,0.00%,0.00%,0.00%,0.00%,0.00%,0.00%,0.00%,0.00%,0.00%,0.00%,0.00%,0.00%,0.00%
197%,1.01407,1.03794,1.06111,1.08424,1.10716,1.13012,1.138,585.523,0.00%,0.00%,0.00%,0.00%,0.00%,0.00%,0.00%,0.00%,0.00%,0.00%,0.00%,0.00%,0.00%,0.00%
198%,1.01407,1.03794,1.06111,1.08424,1.10716,1.13012,1.138,587.01,0.00%,0.00%,0.00%,0.00%,0.00%,0.00%,0.00%,0.00%,0.00%,0.00%,0.00%,0.00%,0.00%,0.00%
198%,1.01407,1.03794,1.06111,1.08424,1.10716,1.13012,1.138,588.496,0.00%,0.00%,0.00%,0.00%,0.00%,0.00%,0.00%,0.00%,0.00%,0.00%,0.00%,0.00%,0.00%,0.00%
199%,1.01407,1.03794,1.06111,1.08424,1.10716,1.13012,1.138,589.982,0.00%,0.00%,0.00%,0.00%,0.00%,0.00%,0.00%,0.00%,0.00%,0.00%,0.00%,0.00%,0.00%,0.00%
199%,1.01407,1.03794,1.06111,1.08424,1.10716,1.13012,1.138,591.468,0.00%,0.00%,0.00%,0.00%,0.00%,0.00%,0.00%,0.00%,0.00%,0.00%,0.00%,0.00%,0.00%,0.00%
200%,1.01407,1.03794,1.06111,1.08424,1.10716,1.13012,1.138,592.954,0.00%,0.00%,0.00%,0.00%,0.00%,0.00%,0.00%,,,,,,,
200%,1.01407,1.03794,1.06111,1.08424,1.10716,1.13012,1.138,594.44,,,,,,,,,,,,,,
